user_name,password,email,comment
amattiello0,43f4bb532781c0eac4b12d64ed1d86f2da1eb84b,nglasscott0@usa.gov,Senior Quality Engineer
aklaaasen1,9b4ad6e89f98607b52e43641ef47a70ff4ea8ee4,rgonnard1@macromedia.com,Senior Editor
fkeenor2,c7f019fa519dc698e89aa6c7601288a4a22a3da5,ohebbard2@vimeo.com,Geologist IV
amacpeake3,cb8a142e7b2b6e8a878a413a78c8a2a4b1d5f455,nraddenbury3@time.com,Account Executive
ksarsfield4,78b752340a279af38c895fd7dbccb7b477492a63,bwilloway4@sphinn.com,Media Manager III
rgalpen5,3b859d04ae727de03306ddf2fe25b1edf1f9f875,dbuckingham5@nifty.com,Human Resources Manager
pmctrustey6,fd7be42584f4776583c58243627610f278d37547,qseven6@tmall.com,Developer IV
vleveridge7,b42fff739ab94112877f1c765eb957e7191f725c,seyree7@eepurl.com,Senior Editor
ibohin8,c09205ea7801c86eab353966afe7c63876e1e055,jmielnik8@kickstarter.com,Environmental Specialist
zmudd9,f6071770473776e29021bbeef010deaa86ac63d1,jmunehay9@si.edu,Biostatistician II
credhollsa,a96f22e358391b00595906f631e8072364f011ca,bcornecka@vinaora.com,Automation Specialist I
rnisetb,b78d8ef4e65b0ab47f97a7482d5a5a32ad0d015f,dteasb@blogspot.com,Accountant I
rguntherc,affec557cd512533c6e15d919c8a70d3508e9dbe,cstoeckc@xrea.com,Food Chemist
eloxtond,949ca252b8a4e9d177d7edd19111000b46af3c4a,nwycliffd@aboutads.info,Senior Editor
tsabatese,3670cc6febf33de4a2d7ee9069298f7c18de09f3,ofifoote@diigo.com,VP Accounting
aolechf,03bf004e4e7c5ea72332f64447337605a74b78bd,hmignotf@eepurl.com,Software Consultant
lskeldingg,2af5e277a9504a27852d66bc369780140bb83653,rhappelg@arstechnica.com,Developer I
nmcaughtrieh,af89a40fea0215effd2943fd32ba3e6f444d9b70,smcgarahanh@accuweather.com,Database Administrator II
mcastelleti,619aec1ee30c5c6136267af8a77eb8bac16b4cce,econsterdinei@unc.edu,Speech Pathologist
haleksankinj,ef881c7d77af9c591206c45362031057dbe588ce,bdukesburyj@joomla.org,Electrical Engineer
rmcgraghk,41663fe46d752def1a5ceed6c653758ae155973d,chectork@joomla.org,Programmer IV
imaidenl,867a94b66555d2bbb1e4911cb5db538293fe662e,swillel@microsoft.com,Cost Accountant
ccornelissenm,e2d862756b0aba9c4c15427c16c5202a54f68361,cmycroftm@yolasite.com,Recruiting Manager
fmckenneyn,0e53ed2dd65186fcea213eb9d68f7099a1050a49,jnoblesn@netvibes.com,Legal Assistant
mgilliano,8d8a6aabea4b39c3b3bdeb310e14cd209e7171e2,khebblethwaiteo@slate.com,Associate Professor
hblaydp,5ffb2c46e2eb39bbc9ffac9e6ee63516edb73f0a,vtebbettp@wired.com,Quality Control Specialist
sfeighneyq,286f35d23c8abbda50928d0c9ea58721a4058c10,ncocksedgeq@rediff.com,Operator
kbaffinr,a362c6351c0f5c59eeb326a4883345612544632d,mmerriganr@ftc.gov,VP Product Management
kmellonbys,c8a0c5dfff2c65483e3bd38a754738347da51eec,rmcclaughlins@spotify.com,Design Engineer
wraouxt,6de71339f25711889b5b892add6ad8dcac336686,vcomiskeyt@berkeley.edu,Human Resources Manager
smalimu,5b604577d86760831385ed125e977320bd8a2e94,jferrerasu@nature.com,Food Chemist
dtomaszv,3834f0dc357b8e187c51aa6624c651d099ec4139,msymesv@vk.com,Staff Scientist
nesterbrookw,3269d43f8ba4e5bb86d2bab8960148816217d9f9,rchooterw@aboutads.info,Food Chemist
dcochranex,6c9f7f0233830c0ccd769ae826c9e0b87af3b921,rcordonx@mac.com,VP Product Management
egoulbourney,68eb4a41c8b9604b566ecc3dc0a5db89be514b8a,sbennity@yellowpages.com,Software Engineer III
mpartonz,00f18f26023f43debc5ba7f5a90a8a28eec59a8d,hbucklanz@senate.gov,Structural Engineer
melgey10,87131e63546955b156c9d62eb4f83a721e6b94d4,gsakins10@blinklist.com,Account Executive
mjervis11,5f13be08111c6119c6f632f10999092fe72881ce,mbacop11@deviantart.com,Librarian
jberwick12,a0ae1c6fcf8e48adf9a7d4b4779b87a4053e64d4,mmoodie12@pen.io,Analyst Programmer
llahy13,a46d1f028be33c9898310e1f4bf7b499d6ced5a6,bseymour13@csmonitor.com,Payment Adjustment Coordinator
oblood14,fc08c83401476f1eed38c66a5fc3f9e41b67a693,rrowden14@bravesites.com,Paralegal
bpenwright15,d26dee70a595346e4c65cd4dde33c2344a56ff55,fstorkes15@fema.gov,Geologist IV
ktolumello16,48f6269a4f4d4f45bc760a7f6b96286a52269e6e,lpoplee16@netvibes.com,Nuclear Power Engineer
tsnow17,8f83a299bb7fc88c33ed67573edf96e956151f03,rsalvidge17@hostgator.com,Internal Auditor
gshewsmith18,a24f960567338f661a384842fc8580c082e8f2a4,bselesnick18@independent.co.uk,Operator
jbrelsford19,050d14712824cc2c5ef53f4f414ba8673251ff49,pjumeau19@google.nl,Chief Design Engineer
jsimmank1a,2c1becd2f7a65729f71411ba1a901b5cc1955c9f,nkohneke1a@tripod.com,Graphic Designer
arush1b,256016e9bdc9d6e6717d0fea0fe2665cedb53b79,awand1b@nyu.edu,Desktop Support Technician
sbanck1c,1e87d832affb4fe6650f7dd676308bcc7dd69f97,aleader1c@eepurl.com,Account Executive
kcarren1d,f938967143d8b0acac7815423f65f2de1d2edee3,llympany1d@ed.gov,Senior Cost Accountant
hwickmann1e,494c7e3015aa5dca819c292a8e636e064bad8919,hlittleton1e@fastcompany.com,Web Developer I
rdebruyn1f,1db86a9e3717d85adbc84e787c60b0c9d210982c,ebohlingolsen1f@constantcontact.com,Computer Systems Analyst I
cmardoll1g,d603b6d56cb46f68dcf86932206adda49ec90022,dchisnall1g@who.int,Registered Nurse
hhaffard1h,1cb52f61a5f92fb521fc4f093befb92363b007c7,jloseke1h@dion.ne.jp,Nurse Practicioner
ejeannot1i,2c4332e4243ea5ff581664a7aa3a805ba2c2f7df,qconti1i@gnu.org,Account Executive
agibbeson1j,7a2792274c42db67e45d86c7c061d48ceb1a457c,dlinggood1j@shareasale.com,Sales Associate
bold1k,96d93f33185475622d778ea28d5c83122751e96f,slehrmann1k@163.com,Systems Administrator I
elocarno1l,74b73518f4fe5c5332e860ee4be2a09309b99562,rstowers1l@apache.org,VP Marketing
cmaykin1m,fc2e35f2688e893d9325939e1a356108b03955f9,sworsley1m@360.cn,Programmer III
dfarnon1n,8d700685e99d0195bd7037645c454e404a95a2d1,amangon1n@weibo.com,Marketing Assistant
adengate1o,47488f352685a3d82b45bccbabf574505959afe0,pcarek1o@mail.ru,VP Marketing
aoneile1p,afa0581f6b915472e1d517dd5281c43845c96e95,aworlock1p@redcross.org,Marketing Manager
dallridge1q,feb7f073147bb6887abb9032cea4282a9cf98a24,kinnott1q@symantec.com,Accountant IV
ewhiteson1r,2b257b4d851d2145ff51d42c1565a4ec1707d367,jbateson1r@dagondesign.com,Nurse
rrainbow1s,5491670766c3f54b1b726f83da3296035483edc7,ikuller1s@washington.edu,Programmer II
cjiroutka1t,1738d39db53a3140336c24b09f898eee8acf96e3,daynold1t@reuters.com,Help Desk Technician
fcrowder1u,9907090ec5972abc631f51d9c975f1fffea53411,ebernardi1u@usnews.com,Marketing Manager
cdesmond1v,2372ab7313b64c989ec331c91b36deb4505ffb06,tcroneen1v@seattletimes.com,Registered Nurse
kwillman1w,c00d1f442a1ebd9480df227c061c5c827c0844e0,rcogswell1w@plala.or.jp,Web Developer IV
cbrymner1x,75df94f93b93044e27370ac114d4c21d91f540d1,avaskov1x@mashable.com,Sales Representative
ogrunwall1y,f8d0e451183323e7c11b49cdcdbf39438f4ae1c9,cmorter1y@jimdo.com,Computer Systems Analyst IV
bperotti1z,3dd3a18bcb09f626a41c8d09ffd04ed0783d4bff,smacfie1z@usda.gov,Mechanical Systems Engineer
telstob20,12596494dd2382a3ee2db635ddbc532a57a99f09,jgreensmith20@comcast.net,Senior Sales Associate
kdraxford21,b583396d541277bede5f9572e53b6c8a7781fbdc,aruoff21@guardian.co.uk,Business Systems Development Analyst
tcollinson22,cb250e6c47d3e02d170cd0ae7da0ea0029b16d92,pbartosik22@vk.com,Account Coordinator
tkuhnke23,6f57cd65fa725395cbfdf50c13b38cb0235f32ce,ipaulig23@last.fm,Occupational Therapist
aparres24,c8a8b2d782a5a489eb08da75667f7dcd03e3fab9,jserjent24@tinypic.com,Senior Quality Engineer
kiannitti25,50b2e3cc0879f9f7ca0582f738ce1b72e2268d48,kbirch25@icio.us,Social Worker
movens26,8487ab3a53cfacb13a92344c9aaee70e8fb8e7fc,lebbett26@timesonline.co.uk,Analog Circuit Design manager
bfrancescotti27,df8eaa43b3021a4bcddec0481551adcd5488c8bc,elarham27@ameblo.jp,Accountant III
cgiscken28,4cc392621543858b4237f1412575f9f4adcdf09c,idanielian28@drupal.org,Media Manager IV
mkruger29,1fa3c40694b2a9879ffc7fcec2bc799d7d872c9e,fherries29@ibm.com,Safety Technician II
cbirkenhead2a,4a10ecfd67d3ad2aa1e131fc21b5949c2aa3f5d5,tmatuskiewicz2a@booking.com,Sales Associate
aablett2b,5517deabe4050d73b0b3f4a6a9b646821a8b1d0d,jcoils2b@freewebs.com,Pharmacist
jpennycook2c,c02512d6e92f6f038efe810b544bb15415746cdc,jcarstairs2c@cyberchimps.com,Project Manager
mscad2d,e5b31235cf30704185c3b5c66f5d73e4b1a1735f,vfitzroy2d@constantcontact.com,Professor
cdelgaty2e,d30126a379dfff2899eb6dce9130b6a739c0f7d7,hgirtin2e@yellowpages.com,Pharmacist
atwoohy2f,b7e0b96e5a443d6aaec7dd0186707cbb0cd96fcb,djollands2f@xinhuanet.com,Marketing Assistant
rvasiliu2g,3b3db4e5aa2e24f6785a0de4f0db4a1851c99416,cpiaggia2g@pbs.org,Analyst Programmer
nmccart2h,9d756ee39bf650fd18ebd84d97e810c6e21222d8,jbrunger2h@nba.com,GIS Technical Architect
sspall2i,27bed669c80578517db87b2dd6b1ba87f2f77c35,ncote2i@tiny.cc,Actuary
bjolliffe2j,664a3c3214c39dcda0659b5ced1db9bdaa9d9c0f,mruncie2j@drupal.org,Information Systems Manager
mminihan2k,bd667ed23dbdc759dc30340030ff092d8f648bba,jwhiskerd2k@narod.ru,Assistant Professor
ajoslin2l,4b4b41e6ec3d6b8f0aa42a46ea092cd9c919bb31,dgot2l@pen.io,Project Manager
gmeric2m,d56a649ce7f9c3e587baa509e00b99c8e8640f9f,iearnshaw2m@trellian.com,Assistant Manager
dpedrocco2n,84cce2ec8e7f9cd61b9d5a1d148b41a6fec7a944,thail2n@ameblo.jp,Sales Representative
lhuckleby2o,34dabe8a299de4c0ec53b19163df9c78bb7d5177,rsicely2o@usa.gov,Associate Professor
mluke2p,d3b1b7dd0b221afbb9e902da19c77c1fe7dbcf61,cyerson2p@ocn.ne.jp,Assistant Manager
bbatcock2q,13d7a504a6d538a730b3f08773b61cac2f702e63,ttwist2q@webnode.com,Environmental Tech
gogelsby2r,bef18620163c2f6033ad4cb1152313c9aee29b97,mlyfield2r@pen.io,Nuclear Power Engineer
zfidgett2s,41b6128b773ea51065cbce9db99bda5d32984b75,srabidge2s@diigo.com,Senior Editor
bleland2t,d34167dd391234ad0ea49b7d8b536e678aca7ea3,aconvery2t@kickstarter.com,Structural Analysis Engineer
kglassard2u,03bdfc4934f70ffcb7633bb6fb7825192e85ffcb,nfellgett2u@house.gov,Environmental Tech
bbeasant2v,f32802896c110b164617f752ebfe7bb8a24ff2d5,cskeeles2v@independent.co.uk,Engineer I
cdibernardo2w,e06cc8a1bb0a5d136e2e070ba44c81e62fe10d41,aostick2w@answers.com,Occupational Therapist
lpenni2x,d8fe6470a317af2b138a39118775ac80ee618606,ccottam2x@freewebs.com,Developer IV
aralling2y,7b1b7261301a356412ae59f189da8bedf5648135,mbiggs2y@github.com,Operator
egilluley2z,53833bf436a8ee9ef7fa5a0e1fb2f0207ec77143,imathews2z@moonfruit.com,Professor
zhaydon30,3e4dbd61e4b33b01144be05700d51a1e029c0752,phallut30@issuu.com,Software Consultant
hdeelay31,cdbce4ebb7d8fd5600db22cecfaddbaf791e83c8,mfireman31@seattletimes.com,Financial Analyst
ablyth32,f3ab8baa1b234507ea48f3bed7e73be729dcbe52,esavell32@ucla.edu,Assistant Professor
jmacgiany33,3a1bd98ca5b6b23bedf18fb5dc3d8c2487652e3d,mhanmore33@wunderground.com,Staff Accountant III
craubheim34,b3f34308115ca42a955f422d275782afdca960e1,jhendriksen34@eepurl.com,Paralegal
atreleven35,f7cdbc4ad0dfc1a925521afe2d695d02451cd397,vtrevaskis35@github.io,Data Coordiator
ltruitt36,07008094757d8b0e1783ca1b9dacf06be0b49e18,jdemelt36@booking.com,Executive Secretary
loconnell37,b5a00a39e92c1b8d0ebb2b1ac6ae0c342fb77fad,ibangham37@stumbleupon.com,VP Marketing
cfossitt38,c90eaa890477a0e864159ebb771506ab284afc90,minett38@java.com,Systems Administrator IV
ajopke39,9005af1ad87db4ad5def1f961ad30e7aad5c5111,mtrodd39@ucla.edu,Director of Sales
vmackenney3a,91ce74f1c2b3f9a4bd3f2f517b3d28ccb97f4d29,fbickerton3a@i2i.jp,Staff Accountant IV
gsongust3b,5ca1a4774ecf857c5ba14fc0e77f713446e2e3f0,gmackin3b@ifeng.com,Developer III
cmcphate3c,dda1a9faa8b970cdd4f8572c1efc0711e4a5d854,rcoade3c@amazon.de,Health Coach I
cnimmo3d,400b9f2a14bffe08f748ea2ff99797b78e7a2766,dabraham3d@github.io,Data Coordiator
idalgleish3e,a99fc57575ca84a35d5e644567c0dc1ae4333283,tsymon3e@ycombinator.com,Clinical Specialist
asangwin3f,4af70a22f4449eb5a46e42a53c5b0531649e1b1c,ntoffolo3f@ebay.co.uk,Chief Design Engineer
pdownham3g,a491f4cc1189afc90cc60134aa1f02476a8af664,aalaway3g@bravesites.com,Food Chemist
rriccetti3h,bb661a1a1f3f162a030a8dc296c6c3de57c36c2e,ibrundle3h@geocities.jp,Account Representative IV
chitschke3i,f4be712e4319f34fb418802ec179bcd2678d1345,bgeorgievski3i@utexas.edu,Librarian
gleschelle3j,d2d69314bb997b215c92b314662a073f373330aa,bforre3j@irs.gov,Safety Technician III
alerwill3k,ecc0fe8ef67c71f91566173187993766017c9023,kpeirson3k@mediafire.com,Computer Systems Analyst I
rmatthaus3l,3cda6d2573f89e2eab165d7aa24eae94a4b563be,eharnwell3l@state.gov,Web Developer II
ilongcake3m,f3e546230342483f74eeebfb96e6f3493fcd19c6,srockell3m@nba.com,Software Engineer I
adebruijne3n,c9ecf837123a829ee89a7bf683a39ccf621569af,nsepey3n@gravatar.com,Community Outreach Specialist
pbolitho3o,ab4e45f19727695098587966c88c70790be79c2f,rbenedito3o@imgur.com,Administrative Assistant I
bbrabbs3p,79ee339ca5c1ed788c3327b3808d6297c93596ac,rprendergast3p@msn.com,Web Designer I
vtappor3q,a79a6514645a2c0d25567a8ade22d1dec8528993,mchristie3q@google.co.jp,Quality Control Specialist
ekingsworth3r,a3b11f277bc16d97d49f632d8027bd7fff3c57c6,nstonham3r@reference.com,Safety Technician II
gnovotna3s,926cfc198e0dece9b4d0f5f5136700d7f417d24a,ipopplewell3s@google.co.uk,Media Manager IV
tdaveridge3t,d8cc5f711c71ab0f27c67aaf98b3aa5a935f0322,nwaszczyk3t@arstechnica.com,Software Engineer III
dfollacaro3u,5f7ec53f08d9465c920754faa8be78b9e9718b1b,warnow3u@comcast.net,General Manager
psanbrook3v,20000327fbb81ee864a1fc786418817cba02bc10,lmeritt3v@comcast.net,Systems Administrator III
afoye3w,d3bf7a09bde4795b47fc0a400245e0414dd817d8,gdrinkhill3w@usda.gov,Assistant Manager
btrustie3x,7d3b103b2733a6791f200d416b4062a0a0319efb,rhelkin3x@a8.net,Recruiter
gdellenbrook3y,ae329cd82beacf59ce3f7d978f7a77b779894d2e,gchessil3y@dagondesign.com,Compensation Analyst
mitscowicz3z,8894838fb96009640e984b484e205876e620ff57,tbulpitt3z@si.edu,Senior Cost Accountant
aredan40,bcb2694c60dce10d4fd188943f61b23c83469b94,mrobbeke40@businessweek.com,Account Coordinator
dmaleham41,3b6f62d3d929cec38978b5515038b25096a82a32,rkleuer41@ycombinator.com,Cost Accountant
ablissitt42,02fa8e5306c31a44403f94ce7ea2efa958937fea,kgaylard42@pbs.org,Information Systems Manager
ljaray43,b6cf0ff81ce7048f15adf3822d6efa6424c0ba70,oravenhills43@engadget.com,Web Developer III
jmacallister44,6f8e51113128281860336f90ec7f7d61de6d5759,gstetson44@newsvine.com,Senior Financial Analyst
elippitt45,5c1fdc3194c606815a3c45a0c9e27ee8efd396d2,dspreull45@europa.eu,Librarian
afoxen46,2344593df146a143f74bfd14104f711e7591f5b6,cburnep46@cnet.com,Human Resources Manager
lgregoretti47,bca0363aaf0b5933d17c0933981a2d1e14c9097f,dhampshaw47@sitemeter.com,Senior Sales Associate
rseivwright48,0a8a8af19916dccbb0ee522024bafcf76c8e9594,beccleshall48@walmart.com,Systems Administrator I
fgoldingay49,9168924171fe45ace30e9907620bdfebe2584e1b,jwaldie49@flavors.me,Administrative Officer
mkilby4a,1d03b09477403e909549baf859eec127abb852b8,aschmidt4a@istockphoto.com,Web Designer III
smaxwaile4b,2f5a9649524d2039b9cded81fd9b1da61daa3228,lellph4b@mediafire.com,Chemical Engineer
mcondell4c,0acd16046a1a62014b3f3c8147975dfd2fdce74f,slaborde4c@sfgate.com,Senior Developer
etimmermann4d,21d271ee27f2c31f26458080d369ffa53ee08487,hhodgins4d@twitpic.com,Senior Sales Associate
ibraitling4e,341b418b38e1a8d8b841a47a89e6ee33901b55fd,rdugald4e@symantec.com,Database Administrator II
awoodvine4f,b0acabc3cb6cbf3ed1a3f4dc7876998ef6089e68,vjaspar4f@prnewswire.com,Administrative Officer
lwakeley4g,35104d7415eecbd99a35a4a933bc0dbbea6f55ab,efincham4g@craigslist.org,Executive Secretary
scurnnok4h,79c6d037100ccaea44f6714ab7fc02ac270c4752,aeckery4h@cdbaby.com,Staff Accountant III
lberrick4i,7fdbbb06d953b4a023fec99683d60feb7034547d,lkeoghane4i@economist.com,Operator
nmccarl4j,17a6e805312b9a09bf236c5f35bd19f3d20be842,ljephcott4j@multiply.com,Geological Engineer
wgonnely4k,1195dfc920ca6909962da1916d0909d347ccd12d,dsnelgrove4k@soup.io,Statistician III
lbyrd4l,395033cc7b40fdafd2ac8742577e695075e397b2,gscini4l@myspace.com,Executive Secretary
gsayburn4m,7fdc34b50f392bcce71c0a7176bd8e197b5a17a8,emurrow4m@vkontakte.ru,Structural Engineer
screer4n,29e486e98518325a7fc2160c5fd807ccdd87ac4b,eancliffe4n@51.la,Sales Associate
wgritsunov4o,3f1567a92f9fcf5957fb5c60a1ef27f4e81623dd,vgennings4o@homestead.com,Human Resources Assistant IV
rwozencroft4p,51127d7a28b99b3ebc57ec92ff3916a1e64b0c9d,lfrays4p@cbslocal.com,Accountant II
mwigan4q,634c8b1889d94fbd37b7e224684eb2c096f8fc48,csheavills4q@dropbox.com,Social Worker
lpennells4r,7008f5f46c9f9bcae6cf902309918f57f2929bce,bdcosta4r@alexa.com,VP Product Management
kgresham4s,468adef79f8953a43734e1c8a1c16c1502a4f45a,sbakster4s@google.com.au,Help Desk Technician
ehoggins4t,9c0adcd185a18460af7be6edefb3fc83ef5d0bd8,mlassen4t@wordpress.com,Chief Design Engineer
ngerasch4u,fba2fd72df07181910ff347891ffc3f77269d0d9,bcline4u@google.cn,Human Resources Manager
rdyson4v,a570f29d640db9c009fd0c078ba8eeba3d7a0d8e,syork4v@boston.com,Graphic Designer
knoar4w,8b37e7b85b66598f95fb69bfdcbc5a22f13be2c0,fmatzeitis4w@barnesandnoble.com,Recruiter
jlomaz4x,1c14bf0b04956eb5349842c0c72b92b72705e2b7,cmatticci4x@fotki.com,Editor
aamey4y,173bca7dad2cdd5d7d5ecfc8a1b7527f6b9284e5,hloraine4y@toplist.cz,Social Worker
cbampforth4z,effcc145331ec98d9782bc9b81b9e9f79f7437a7,wthackham4z@ask.com,Research Associate
ppenton50,e3adac651f6f3783d18bf54161f3c3be955b4000,lkield50@icq.com,Marketing Assistant
rtroy51,1827c1e11bd04d3809b5e3b838f7616958bc1f9b,bmacdonough51@businessinsider.com,Media Manager III
cboodle52,3eccc8fca5dd9427a366ed205abe97648b695162,jwarrick52@admin.ch,Operator
dspencers53,e89a429401c899275e1d28246eb3414ee21c91c6,cbartzen53@va.gov,Web Developer III
elevermore54,f3e198ba69a5f2182770fdbb71def583b2ba226d,efaircliffe54@youtube.com,Nurse
sarlidge55,ed9e22ffd32c59d86f8f4dc0306d0d6dbae28abd,gszreter55@aol.com,Associate Professor
cseal56,890ee82f317b606293b9f66e67bbf4809d38b37c,bmaroney56@paypal.com,Help Desk Operator
fswadden57,d2ab33d26b0b28fa20f6fc2c7423cd7ee245853b,nwinny57@goo.ne.jp,Safety Technician IV
gmathwen58,97a7345054e37b2643580981dbf0b89247741967,dantoszewski58@ovh.net,General Manager
istalf59,f8efdca13b820c5b2dd6a9fa47f975fc6e7e382d,gcapnor59@pcworld.com,VP Accounting
mconnaughton5a,ff5e691ad1de2ba91b411c12da1fa435f346349e,fstiven5a@hibu.com,Safety Technician III
eholsey5b,841a7480a3bc38b34c652c1e147a2bb097271343,ewoof5b@msu.edu,Product Engineer
mwilton5c,7a802e0b6e5f20643cd6a92464016a36a7efa288,cbendall5c@disqus.com,VP Accounting
bcommander5d,e43ae08f77ef8db371a89689c101f7dee5d04a14,mjosef5d@soup.io,Dental Hygienist
mnoor5e,6e5e57626d07e13cfdaade6118a83771ae76e2c3,nsloat5e@rambler.ru,Account Coordinator
hantoszczyk5f,77199878d13438f87ec5509561c93646c8ecdfae,fgiberd5f@wordpress.org,Research Assistant III
fpharoah5g,ffdbd09be21c9f6c837f95e277c7e35e85c97e83,pliversedge5g@tripod.com,Analog Circuit Design manager
ssterrick5h,66a93396094996167af82768dee0ed161ae6ea8a,tsugg5h@paypal.com,Geological Engineer
pcrudginton5i,59988b75cfa27fcddb324913d09e2027ad489b05,aruspine5i@plala.or.jp,Senior Editor
lduffitt5j,2d2e179761665a669ad36148badcfa493d1b97be,hbeacom5j@symantec.com,Community Outreach Specialist
cfrancais5k,a42369fa09309c944171731d3bb3681eab2c0f2e,arossoni5k@cmu.edu,Marketing Assistant
jlynskey5l,55bc970b11c1af099a72a9d4b195d716cb6280f5,ngrange5l@marketwatch.com,Electrical Engineer
lnacci5m,de549c3fff604b4b9ed9e81706f6205be570eef8,acostain5m@java.com,Sales Associate
mphelipeaux5n,d9b77da476030c1ad12009906d5286125877f039,upadbery5n@123-reg.co.uk,Structural Engineer
cbrindley5o,2e764c10fdf8236f744216fc9cf37379d1f7b6bb,cjager5o@facebook.com,Marketing Assistant
aleavold5p,c8848ab4ee75094437b5ebc9c0922fbda7153717,tcuttle5p@ebay.co.uk,Account Representative II
ascaysbrook5q,58e8e6ee51264c103e20ec721290b67cd63430cd,moulet5q@so-net.ne.jp,Help Desk Technician
mfaircliff5r,948fe6dd71e699ca8ffe63583aa4d3fe98088d85,npalfrie5r@lulu.com,Staff Accountant I
msanto5s,c85a5f27b356c0b2a8581b17a9e37b7ed38df71c,ldownage5s@wix.com,Editor
sclement5t,b6a95d0990eda8ac33102774e7e3d52722282867,lblindt5t@reverbnation.com,Account Coordinator
dglennie5u,dbf3c7b593a36af11c6de95272305cff07839e7f,zmattinson5u@thetimes.co.uk,Community Outreach Specialist
ckrolak5v,da631d562fa8180d3bf040b7fd6d4a804a5f8831,sboumphrey5v@opensource.org,VP Product Management
bberryann5w,94edee0ec38fd7f23ae0b22b177afa755a0dc78f,scosby5w@nature.com,Computer Systems Analyst IV
hcusack5x,b0b4ac2421890f420b78d11c70fd49737628b057,baustins5x@barnesandnoble.com,Systems Administrator II
nandreassen5y,bc5743f83270fbbf744547da9bfc6f8f119be6f0,rtubble5y@nationalgeographic.com,Design Engineer
tgordongiles5z,4c87b468687a7336b6c461fd13cc430653d7a89e,dsibbald5z@boston.com,Registered Nurse
jbennison60,ffee26a0b488f3c104cb8ae460b9ef4764e92764,ghyams60@ucoz.com,GIS Technical Architect
dandrick61,78adc6c40f204158fd53d6a505105ac2b3c0a4ad,cmarvel61@sun.com,Financial Advisor
mtinto62,f2c9d69aa80e30fe7aa6a6227ffbccb814f0bc32,mmarusic62@aboutads.info,Recruiter
tdepka63,b7415aab5761a9ca79661c1c0743a939fe76d3ff,jrands63@angelfire.com,Administrative Assistant III
iglazebrook64,4258ae99e5d9258a606ead6b53f4fe5e693cb59b,kfforde64@aboutads.info,Electrical Engineer
gstuddal65,e008e91cf3bf19d4f53476d154ff8988e581ec5c,aknollesgreen65@dmoz.org,Office Assistant IV
nwinsiowiecki66,723396874e383d45424681e28bdf830fdc1bf0fe,kspilisy66@irs.gov,Food Chemist
msousa67,9c6998f371cb07e08cef2b024cbdb1ad7d76c6f3,apigeram67@adobe.com,Nurse Practicioner
lmcpeck68,33579a258981c84464a1c24c60d0fb05dd273ccf,tadger68@comsenz.com,Programmer II
codriscoll69,22e3170ceccac0ff8b41bd068ae0bd8ad9b1d79f,fconsidine69@yahoo.com,Office Assistant IV
jcastiglio6a,0ede541bed06f416199e07b5135aaf77edc57fc6,whickin6a@t.co,Environmental Specialist
rtoderini6b,55428734eb3d55fb513b8260281868e8a5172c15,mduplan6b@trellian.com,Pharmacist
adoxsey6c,477b33bd2b615864d5332a84132d443672f98344,rgainforth6c@virginia.edu,Director of Sales
tcops6d,3ae75b53a01f99bdc00f6acdcb2cedf7955d8612,ptottie6d@skyrock.com,Social Worker
mnation6e,8919fa259fd232755c558c1d11015ac45ae318e8,hheatley6e@bizjournals.com,Mechanical Systems Engineer
tpounds6f,de3c53791c8e100d2f8067cf30469e656ab3dc4b,fkobelt6f@mtv.com,Civil Engineer
kcrayton6g,f912be3846130c82e1d8f731d50ea2f15e1263cf,bheineken6g@blogtalkradio.com,Web Developer III
cavent6h,459280a6942c0ab8ea81239301be32cf9a923d05,npriestman6h@wisc.edu,Mechanical Systems Engineer
jmalek6i,781422bb0af6dfeefe0f9e2094c19e53cdab1cca,grylance6i@ibm.com,Payment Adjustment Coordinator
bbillany6j,1f44447c25e3a217302c0ad3173cf0569874e71f,hnorcliff6j@guardian.co.uk,VP Quality Control
llilley6k,b1975118d18e8dc37cc43a5be265322e8d77260b,ralcock6k@newyorker.com,VP Sales
mbunworth6l,0440eeaee389148a7258b44dea0270cd40f3ca59,mraison6l@oakley.com,Business Systems Development Analyst
jyurevich6m,e9faa763789a5ec51077bf47f4f36d0ad55703c7,eburren6m@google.ru,Tax Accountant
ehandscombe6n,64a0e22e7b744ffc70d1e401afe5f632fe5d375d,lgawith6n@icq.com,Accountant II
jthripp6o,cd4dba3750a5d9b63fe0d84a79c09ef0c1c43e65,dfendlen6o@wikispaces.com,GIS Technical Architect
bfingleton6p,f3c946eb0f422e4cd695e80cfe6c89082b7f3bcf,dcolomb6p@ucoz.com,Electrical Engineer
jbidmead6q,570783d01f219b7eaaff3e9696108d8682fd95ef,mbischoff6q@vkontakte.ru,Structural Analysis Engineer
crainger6r,8712e9b98aecf3eb41a61955929fc8e14a333734,lstainson6r@deviantart.com,Assistant Manager
jcheasman6s,8d779848f4ebde79643a8704595e24e55d16f673,oclatworthy6s@nbcnews.com,VP Accounting
ctalman6t,5bfb75f49fefc5d27eb29d29bb4465cf5ba77189,bwillder6t@tinyurl.com,Staff Accountant II
ckirrage6u,a8bd667b9657362edb9ecc8e8d604d331502b3b4,jsimononsky6u@techcrunch.com,Business Systems Development Analyst
mcardoe6v,dccfb41439adcb6f30c613605ea23d47d44043b1,sjammet6v@umn.edu,Account Representative III
vjiles6w,dc638bf07c37d5af234c234952698192feb61a5c,cmoorcroft6w@google.es,Financial Advisor
tharesnaip6x,e90ecd8936e06f232ac707a92c5e1bcefd15f691,jyitzhakov6x@cbslocal.com,GIS Technical Architect
bparley6y,c6c65a7f175a082dd0472ed20f4a3a54be6a14a1,dbaulch6y@goo.gl,Financial Advisor
ndalwood6z,adb50a8f510f182b81051546ff5fe3fdba94af6e,ebirney6z@infoseek.co.jp,Assistant Manager
wbownes70,235fb8b99312ae3caa61227449803d79a6680ee2,ikevis70@sphinn.com,Research Nurse
dmordecai71,d454244bfcedfe89b76e7b8d11e427726e5cf49d,slintall71@usda.gov,Mechanical Systems Engineer
ghellens72,ccb324c897d0ef6f15317eb2782596e292f56e6a,msollon72@jugem.jp,Actuary
spetruska73,ae8d0d5ab04becd5bc447dfe41c4d0429f607b80,jzanetto73@google.com.hk,Physical Therapy Assistant
aslatcher74,8c0adca501d54a2084f4f560c50a67fd088bc494,bfranzke74@zdnet.com,Staff Scientist
sschnitter75,17ac7b7b98358d8eb7d9b36bab5422288a2cedd1,ogrimwad75@google.com.hk,Marketing Manager
lwormleighton76,e0b069668c1ff58b67cef748de7a6b93ba4b3183,ldiano76@tripadvisor.com,Technical Writer
mteall77,987878ca47a309194818467e2e3cc505ccc34c27,llarter77@ed.gov,Pharmacist
ncesco78,7b01743af39a16c5b19724de096e0328b2494f56,dmacdermott78@reference.com,Occupational Therapist
mstaples79,fb37d1d5d265e5b9863fdb2a05308fdddcb3c596,bfleis79@php.net,Business Systems Development Analyst
fouldred7a,b73adb20139da5306bda7c9303ae25ab26f342c2,dfrid7a@sciencedaily.com,Director of Sales
sfrill7b,adf6be5f4ac4c8bd733de6b07bb013f86e53a28f,kkembry7b@tamu.edu,Director of Sales
dsuddards7c,806b992f18131b9ea8d84f5f53f280cbb8ef27c7,lbauer7c@loc.gov,Teacher
mpreble7d,5f41e426e3b72a66ceb55b5f2b897aee62e9ff8b,mmanuele7d@discovery.com,VP Quality Control
mmangin7e,37fb3c6d6d7c290622d0d33b99eddfdec519c93e,akift7e@opensource.org,Systems Administrator III
lpetrakov7f,a3cdaa4c384f828ddb0d6a46827af49d807b2a9d,ispurritt7f@stanford.edu,Computer Systems Analyst II
bfasler7g,32c5b8a6134c57f0f2b77e8026026aad0b6f94c1,speris7g@taobao.com,Software Test Engineer I
rbrockie7h,dbcf0f326038586a697a30345119386b38fb78dd,naird7h@dot.gov,Financial Advisor
jcarette7i,93b0644e3623332f0382da6dd6a0c666f513526f,supstell7i@youku.com,Payment Adjustment Coordinator
dcollumbine7j,c94394550652a74ca6a27bae7e67b36dec87174c,hhart7j@github.com,Physical Therapy Assistant
rsimpkin7k,d9394fb553234b24b2141f229c912ec07b1d38aa,kinchan7k@trellian.com,Payment Adjustment Coordinator
tfonte7l,f5c513d99bb71b15a2a9036333bcf05944e9153b,fgodsell7l@si.edu,VP Quality Control
bgrummitt7m,8d1bbea028e54c83017e4e4f2643e3329edb5349,lwaldron7m@cmu.edu,Web Developer IV
tody7n,1d93ea0cb74b56ae17110e23ee57c1a588cd904a,bbaumert7n@privacy.gov.au,Safety Technician IV
gginni7o,ed832481795339afd48d04ac6e17cf2d69675ecb,cdumsday7o@blinklist.com,Information Systems Manager
aboxhall7p,dfb7db213f644e6e371ff299a1175c23a0556b9a,mminillo7p@mit.edu,Geological Engineer
ljosiah7q,82b894dee3f87f57e7dec7b680e00a345952a29a,fmcsorley7q@blogger.com,Programmer Analyst III
agoldman7r,bf9bf99dc6521eb50466060b041c7e6fc72ace61,lgreves7r@arstechnica.com,Paralegal
otrickey7s,eeeab537a7853732c2ab7cf2bac2f82923130b53,delsie7s@noaa.gov,Senior Cost Accountant
bgalliford7t,5f84f98cf23d089da116abc3efb437f485bd811d,bgecks7t@histats.com,Budget/Accounting Analyst II
feliez7u,7cf4cd9b9bfaab82678e4a02640bfb9973cf6f79,mgaye7u@acquirethisname.com,Nuclear Power Engineer
nclaremont7v,121b71ef2fde8ef9bb9178f1b1243c5385d685d1,lgordongiles7v@abc.net.au,Senior Quality Engineer
nashington7w,dc544092fb10cbce5374a99656834ba4e41c166b,sbottell7w@deliciousdays.com,Web Developer II
phardwell7x,ca1e44b9e339d156a04cca8cc4cb78a4b35e376e,crozenbaum7x@tumblr.com,Account Representative II
lcastellaccio7y,a681f96eda2f91c45c0d7aff8ab195ce90091236,bswinglehurst7y@hatena.ne.jp,Junior Executive
kmarshall7z,9981e443e92bf19316ec352eecbc71bb33ee8160,atyreman7z@chicagotribune.com,Nurse
mhenze80,aeed4a4c405258c8a4777194c8edc55e1a2b2beb,obelcham80@instagram.com,Account Executive
amoseley81,a85d47bf115dc3c9a3aee98b2e7f78a6468db658,iriply81@surveymonkey.com,Database Administrator II
bperrat82,2071b26e6b684d7692dbb55130f9c4757f7c510b,snode82@canalblog.com,Dental Hygienist
hdudden83,3b2e7b56ab30622e77dbbb8275a9ee4322d56c14,olydford83@huffingtonpost.com,Account Coordinator
ggodber84,bf3c40745242363cbde2f1e77116ec7b2601df60,joman84@ovh.net,Programmer IV
stullett85,476f230ead873666b03697c2ff0851682a6ca354,abelchem85@reverbnation.com,Quality Control Specialist
dmaggs86,7daae85479ed2dea64354f96418b7470c0e3746c,goverstreet86@vistaprint.com,Information Systems Manager
tgager87,a6a555eb120d4500761ed0bec5d071dbf4d93117,ohastewell87@ucla.edu,Computer Systems Analyst IV
groller88,82854f86b75e39c18b0257632ff969bafd9559b3,jthorndale88@smh.com.au,Computer Systems Analyst III
gmortimer89,74ec88f25e3868c3cbb3ea72b0bf9574ec709ba8,cleinthall89@house.gov,VP Product Management
nceney8a,2a9d56fb2c635102d983444495fc5dc886fe31bc,rocannon8a@myspace.com,VP Accounting
sizkovici8b,550bf346d2b6885b2c0d3cb64003591d6501a196,jwetherburn8b@umich.edu,Assistant Manager
dbarbie8c,269f78570dd3bc99e3a914ea3187466a6c2e5ddf,fgamlen8c@unblog.fr,Systems Administrator I
kgasnell8d,0b370b2aba7fd99e14a937ee130ee86ff6a315db,masipenko8d@geocities.jp,VP Sales
cdudson8e,df7e7014b05098a8c256c897b6660f9d3b5c4d0a,lamber8e@jimdo.com,Mechanical Systems Engineer
tpickavance8f,9e3c5db645fe3d849d2b8da902fd5d32e27662c0,jstringfellow8f@earthlink.net,Office Assistant I
mmoseby8g,2c20cc3af6b8ae98fa5433e545266fa6cde4f9cf,sbreukelman8g@fc2.com,Human Resources Manager
kmuller8h,9f6e363c7f483866ad2d7a066cd4cd687569cbc5,civchenko8h@jalbum.net,Senior Developer
aende8i,bc209339be7987a965c5ea81cea1133d8c86d292,jmerveille8i@businessweek.com,Chemical Engineer
areynault8j,95a254b4555ca547bb2f97ad571f2e3410363945,cbuncom8j@ezinearticles.com,Financial Analyst
aschankel8k,f2b3205f30cedef979918abf3ccd3f1512f06dac,dgovern8k@fema.gov,Geologist I
mbellfield8l,458816f4174b3ed27f6955c5ff59aa3dda129d12,pvidean8l@msu.edu,Account Representative I
wvinnicombe8m,fe8d40800ba4a6b5b4769f7d214d4c74e5da0cce,zpetken8m@list-manage.com,Civil Engineer
chruska8n,bc4c5ad8203e0a3284818729ee095d7e60ba2488,sjamson8n@addthis.com,Recruiting Manager
kmoreing8o,45b84f03b9b1a9fd93e55bc11eaf183acf175ef3,rrobinson8o@cisco.com,Assistant Professor
cpenke8p,a8dd21ecdbe80467aac4ace81c05fd9c21ff7284,rdenison8p@statcounter.com,Junior Executive
cduiguid8q,13b252a69ef1b76da3094be170396fcc2b9fc7cf,ppuckrin8q@cisco.com,Office Assistant III
cocorrane8r,32b16d3793df46ca5a690a2026c310c296c20453,mquilter8r@tinyurl.com,Operator
ceivers8s,75385fe19723202857aee65885ad7515e33fd859,pgauld8s@nhs.uk,Assistant Professor
cmackeague8t,e05669d79bbec97ae9a3d0cc07df7726b191406a,lkorba8t@e-recht24.de,Senior Developer
selleyne8u,1b8676bff001e8e6d3259060139ddc71a5f34af9,agoning8u@va.gov,Programmer Analyst IV
cslateford8v,73accf3b411a4d90c58f1be3926bd081401c5f57,ggascoigne8v@sogou.com,Technical Writer
ysprake8w,e45758bf5b05213c50418037c3ee9dc57896695d,ogagan8w@ask.com,Staff Scientist
kbuxey8x,52908aef01d2a9e99237060c24603869a0095d96,cograda8x@businesswire.com,Occupational Therapist
edunbabin8y,d910c3dd917c3e94099399ae32a76f198b3bcc57,dmarcus8y@usatoday.com,Editor
taberdein8z,9fe5145b2ac68a17c99c223c98a4facc08cc8f1e,slindermann8z@google.cn,Dental Hygienist
mciottoi90,af0ffb3111e991491d201cb216024abfe8a8ac73,fdootson90@washington.edu,VP Quality Control
kgranger91,6eba7c16cb402bb47caecd3976149ec07d95b64a,cmowday91@merriam-webster.com,Staff Accountant I
rpasfield92,b9c466238f16636ebf99454fcd3a702fbabfc4ba,bmillery92@cpanel.net,Computer Systems Analyst II
gadriano93,45fcfcb9176898818029fab24b988f6246911916,efarr93@diigo.com,Sales Representative
cdupoy94,7f1b29f3cb7cf643cae473b463cb96ed221a9504,iomond94@ucla.edu,Automation Specialist II
mgeaveny95,fd5f8d4d3a70984ab987af2f454024a66df6760c,jconkie95@ftc.gov,Budget/Accounting Analyst III
fpacitti96,2c75cf4aa8ea64af8c966505f0a8064e0fe60883,rminter96@hibu.com,Programmer Analyst III
mcovey97,9cc59b6844463c8a3f1cfb7b914862230667dd47,plittler97@liveinternet.ru,Design Engineer
ctrahearn98,1ad31c98c6bc907e513a6dd3fdee6ad3da3d7b57,mlissimore98@mail.ru,Sales Representative
edoerrling99,97f338b92ef02a2531cbf5ae7123e6360f070c6e,dmarusik99@freewebs.com,Recruiter
tbernardini9a,6383d9dfa81d19d789263dc3bb311e705821037a,hdenormanville9a@tripadvisor.com,Marketing Assistant
mdainter9b,b54dc7a7f73fbb9e8db9419a6a15bca4efe6f73f,hcalbaithe9b@shinystat.com,Media Manager II
odicey9c,c2ec2ff30f01025ee072cdb67a24e8e824e7e1c0,sdomsalla9c@altervista.org,Graphic Designer
hchecchi9d,f781ea2022c48b4f9df132fc01827ca158eea114,cruston9d@elegantthemes.com,Human Resources Manager
lshoulder9e,4b90b63e82466b96ad22664cf8b82bc8aa4f2ba0,calbion9e@disqus.com,Health Coach I
tilieve9f,f1f53933bc6c21cb8f6b98e02fc4bf42f2517baa,ckobes9f@github.io,Software Consultant
dcars9g,189e9d565d8d84a5d42103d62bc7e2c72c9c1aee,clefranc9g@liveinternet.ru,Senior Cost Accountant
astangel9h,5eeadbb4b4b92a9653eb3a493364b479e234d293,dpickford9h@nifty.com,Assistant Media Planner
hjacketts9i,f18c5b2e5aa8979de95f619e28c45ea1eeb042ab,aballentime9i@list-manage.com,Paralegal
ohaskayne9j,4d1a9fa3fe3204ef9fd849188e5e7cb9aa7129c4,iwayper9j@state.tx.us,Pharmacist
aluxmoore9k,eda25fa3d30d247439d6f083ee88afd7802e21e6,mlate9k@unicef.org,Operator
pdaud9l,d24d0d50b2c443b7749f5994da2af8e6a81a2161,dgillow9l@timesonline.co.uk,Account Coordinator
mnorthbridge9m,9816e48fc4e0665acea39da2f96116828b806862,ajudkins9m@telegraph.co.uk,Technical Writer
chinze9n,bd8b34d22ffaf245fe653c42d3bfb0d6898d2be0,mfishly9n@ameblo.jp,Quality Control Specialist
ostpaul9o,55f6c457f5cca51eab773a134cef2a2c116f65ab,tjoskowicz9o@google.fr,Tax Accountant
yfinlason9p,57b71f66f17336818a5a7108d6f77ccb55a4b71d,ahellwich9p@domainmarket.com,Account Coordinator
ecoop9q,950e1c040ed13ae09af26c9a6e249b9c3c4bb0ba,rbutterwick9q@merriam-webster.com,Physical Therapy Assistant
cadenot9r,71dcab0651d0344dca39a65cd19d1142d525fab3,eblackney9r@themeforest.net,Civil Engineer
coldale9s,dcc1864aec037dec219f651b938f77627116d2b3,dbuffery9s@amazon.co.uk,GIS Technical Architect
aworgan9t,3b28873dceede78cf7fd8f53d413a752379d45f1,kphear9t@behance.net,Food Chemist
tsmorfit9u,ea592f5f5286caa9ad4bc7c9377a02541bf42092,afawssett9u@mysql.com,Financial Analyst
bmcaulay9v,0a26b05bd04ff679a8ee9a65616b6af5c65eaf68,clissaman9v@imgur.com,Research Nurse
slandre9w,90bf7d6c821a811277a8ca17dafa4e5e82a645ee,strevarthen9w@tamu.edu,Recruiting Manager
ggillebert9x,b0c5f4b18dc63e1dc5fc84f902e9e188f3af4e0f,smaccrea9x@springer.com,Recruiter
cgoodridge9y,7e53e36292f7c2b83b6b849d22deeccd9b03c158,spoppleston9y@elpais.com,Assistant Professor
lwrightson9z,e07df3e10ee32b239aa7a4940984371f73472362,jmargaritelli9z@addtoany.com,Editor
awoolhousea0,318f88edc4d16dd9954783f852cf0539e38f70b6,emacneicea0@mapy.cz,Assistant Manager
pvasilica1,ead7c961aa242be9e50025c5ebb2177db8c57b27,wleara1@csmonitor.com,Nurse
meytona2,f8ee80e18b6751a062543773b1c4665d9fa594fd,qclaypoola2@posterous.com,Media Manager I
khabrona3,aeb6e05dcc9b63edd0ed4925fef171e4cfe4267b,mtilbrooka3@meetup.com,Software Consultant
dlongridgea4,a0a14a4da147f11255ad2a87e82a1ff53479e931,pduna4@nih.gov,Senior Financial Analyst
gsapseeda5,9581633a98a79ad1df62b8d721dfb724a4dd4d29,atremethacka5@walmart.com,Paralegal
ddolesa6,2576b8f77f6a3380774b82fe9743db4b0c808e13,rcysona6@cargocollective.com,Design Engineer
hkinsona7,648154161684d7e6bc2d1d942e743027f71a606b,hquaila7@lycos.com,Legal Assistant
echaslesa8,c07c2fc793346a3b554dbca960cb85280078fe60,ldubsa8@163.com,Account Representative II
rsorensena9,e3d31573bddd718ab22c40662a055b3268551499,kconnaha9@usa.gov,Product Engineer
gmantzaa,1b9a7b38cc284ddd56224c933c0d52607d69b5a7,lroppaa@technorati.com,Civil Engineer
swingfieldab,f851a4ff8449bc5d431ed3a150b8b5e43bfd77c8,fyeseninab@un.org,VP Marketing
dvirgoac,0ec8fdf56848f232115ff8ff5b6573bfa175a7c5,jedlerac@over-blog.com,Health Coach II
msturead,e2df78f1da523875965e0c7bf26bcf7c852a8487,mdeclairmontad@yelp.com,Senior Financial Analyst
yshrimplingae,f714963aeb044f5a094e30a7d08afeccc3505367,ncleggae@europa.eu,Account Executive
croelvinkaf,64446026323e7f48c3405d301c1ec619e0b78b70,bsharphurstaf@tmall.com,Legal Assistant
rfauxag,d71f5331cc12715cb67fc9f3ca662a1ab4ada298,aammerag@privacy.gov.au,Compensation Analyst
qsearsbyah,dac6918eea16f7a0deff0770cd3e15482b616942,cdelafontah@wordpress.org,Operator
ccorderoai,d99ef5cca500816e7df6e3fb458392ac2e621c0e,hkerssai@princeton.edu,Librarian
hspereaj,c1cb966d95d710c0c6769d2ebf325eeed5f3a0b4,lbirkettaj@printfriendly.com,Geological Engineer
fdavisonak,9ab9af0d94933ea47072edd448e6ddcb6e66c048,ghadcroftak@yellowbook.com,Staff Scientist
dtempestal,5d2f801969fd45b7e4536bffbedb629c46f6c86c,abyngal@telegraph.co.uk,Senior Financial Analyst
cmarkieam,713b3891c3ff048564a56060fa9938536eadd2a6,astorieam@auda.org.au,Mechanical Systems Engineer
rmckeemanan,79a1e431c9a8eaeadbafd3f1ad2021b18fc7dbac,jgronousan@dagondesign.com,Health Coach I
adeglanvilleao,52f6174fe1daaedc0bdc83ced7e04d1b90021a69,abrafieldao@nifty.com,Business Systems Development Analyst
efosdickap,dae90c5d28f5aeb28998f30321dc0c276489be13,bohenehanap@wikimedia.org,Accountant IV
dhightonaq,4b2c34a990c15911c8e51bc610097d1a3ae5c6ed,kfowldsaq@meetup.com,VP Quality Control
storaldar,45bb44bb9001f826265c984305de1a20fa03d1b2,rlummasanaar@dmoz.org,Business Systems Development Analyst
wjeynessas,713cb2783cf8ee6aa4ec632f43b0b31dbc43ea50,tbraidleyas@dyndns.org,Paralegal
aiddonsat,4198cff26fa75b62fe03f44560345a52cff1ac37,rsetonat@ucoz.ru,Legal Assistant
hdaineau,703908ed81a25ecbe77b63d9575d4e902b8aa927,cjouleau@fema.gov,Assistant Manager
kscutchingav,ec2b3fccdfe5efa979b315242a4f1c51d68abc05,vphinnisav@ftc.gov,Recruiter
kcashenaw,ab9cb86170c31c271b366c5f6b94917bb2716659,ajannawayaw@accuweather.com,Safety Technician III
mcornbillax,0a587c077777f10f0f507fecd8eb114e56834eff,areanyax@sfgate.com,Administrative Officer
kdominiciay,596ae9b44634efd049deeebdc6c790b0aadc94d6,gvalentinoay@nba.com,Occupational Therapist
dmaymandaz,8d1ee8b3d22745a0f925d03939a31ea9b8e13b8c,lvanderhovenaz@pinterest.com,Programmer I
kwindrossb0,bd63dd62b1107302f0f277a9bcb064b59973aea1,rblankhornb0@hubpages.com,Administrative Assistant IV
fvennartb1,c631f23d45536c7c7f7035626062f72799cecd18,mdickenb1@yellowpages.com,Account Representative III
lbarkworthb2,d1cb460c2c4ac6c51783a57b422f9dc1ce459fbb,mcruikshankb2@soundcloud.com,Compensation Analyst
ehixleyb3,25550af9d78b54c16cfa6723fc8d0c49af5ce8b6,rtimlinb3@networkadvertising.org,Accounting Assistant IV
jtebbetb4,db5af616657508c14cbb0d814a2b164af4f39273,lbauntonb4@wp.com,Assistant Media Planner
jgwiltb5,bd2baca6234f98a21991aadb0eeacc1a848708b8,cwetherillb5@w3.org,Dental Hygienist
fillingb6,8ff5dce1aa67557c3d8fa6d721b359495c78b12b,hlowisb6@yelp.com,Quality Control Specialist
crobicb7,24f1bae2a4c957f76b5b0e41b76bb943c191b260,ahardingeb7@slideshare.net,Recruiter
mlogesb8,8b441bf650fda6dfee606b398d82836b7caf5704,lkoenraadb8@altervista.org,Junior Executive
apepib9,87a21d65ac930e00ed3a76e81c15a47b996c8e7f,rgreeneb9@jimdo.com,Human Resources Manager
dnairnsba,6b8b6ea08434db74724b060a6786248de1c1a5cd,nmundfordba@creativecommons.org,Marketing Assistant
mreschkebb,af2977a36772284a50db5a56da5a762af326afef,hmacpheebb@cbc.ca,Help Desk Technician
dphysicbc,2be2f8ee6830dcd8b096bfacabbb5f6ce773d2ec,smewburnbc@quantcast.com,Librarian
mfowlstonbd,85b0e066a59e75f4edf356fa072538938d5269c3,sreubelbd@scientificamerican.com,Product Engineer
mjankovicbe,e7fd1fd78c5f48928e5a5f73c44213e65cacb5d1,bcastellbe@engadget.com,General Manager
mgrishechkinbf,e489f3b0208433ba653994b9dd3e09a526eecaab,cbroosebf@ehow.com,Senior Financial Analyst
alittlejohnsbg,a32923250b12cf89c70132c7c28fcff2d945435c,mkarczinskibg@independent.co.uk,Automation Specialist III
fzanuttibh,793658c99472781cc1ff7b18df06ce0d86a5d30a,broskamsbh@behance.net,VP Sales
ebewickebi,fb027d570eb4a69a4520bbcfc8806dfb83cb55bb,bswinburnebi@umn.edu,Financial Advisor
dspillanebj,5a29ff9ec138f3b5f48ea25e5514cdb26e317a28,rrickfordbj@free.fr,Recruiting Manager
mharsbk,cf73529fb205be43bb6fae6afbc7d39d391f9a21,bdalmeidabk@msn.com,VP Product Management
amessagebl,8793ab918ee78140fbcae1c47c49f84f1aea6c6d,gdarragonbl@typepad.com,Financial Advisor
drickerdbm,a63f98717db718b5d9159a5b7a0cf705a49ba65d,ogaylardbm@imgur.com,Automation Specialist II
gbetjesbn,bb55d258cef98eb424fcfdf7fa6ad79b298faeec,phavillbn@over-blog.com,Registered Nurse
obellshambo,1463a3a14e9489986b74cc7b84e08b2553f6fc25,pbonifantbo@constantcontact.com,Tax Accountant
nbedobp,1f713285340c175985e5a7f176f3c1258eed747c,mmcanenybp@topsy.com,Food Chemist
srollasonbq,68e30a1f35466521d22815e1f78d3c8e5fe98cd1,amatovicbq@acquirethisname.com,Product Engineer
hkeenanbr,56e9220c9f36022a2f681877f4be2a05027ae480,eallombr@rediff.com,Compensation Analyst
nloxstonbs,8941d26d7bde93758b4ffda5d4d24c7145de8e22,agrimmertbs@aol.com,Research Associate
dedlynebt,9fcb2fd3b518d122a2de4814862c41f8eb4575d6,rbailliebt@wsj.com,Compensation Analyst
dbeaversbu,74de217a04e99812817b9972a57ba83b04cf4b17,spressleebu@cam.ac.uk,Systems Administrator I
tinnocentibv,3f9d0707947a024215035c22aed23acc5541a04a,skemstonbv@bing.com,Sales Associate
ttimminsbw,aff1f667a005e48e695bcaf205978c307f5b3efd,saiskovitchbw@csmonitor.com,Senior Financial Analyst
hsterrickerbx,088e2deaada4153f03166b8e9893730d1a668984,lstaplefordbx@nih.gov,Graphic Designer
tgougeby,cc59ad0e6e2720d8650276b315aa8d48fdd2cc42,jmitkinby@yandex.ru,Nuclear Power Engineer
sskatcherbz,29f047fc15a6567c32d3ba07ce9b879ee1336522,sballaambz@hao123.com,Research Associate
capplegarthc0,040d99e2391e35e54831a62fe1f1d14d2f418c2c,jlungc0@ed.gov,Recruiting Manager
mabelwhitec1,97f6c0a0794a6e65761bb1c71f4f3dfa73168ef2,nsiebartc1@purevolume.com,Cost Accountant
zpipkinc2,3210afa3bee35ebb9580d54baa15143cc6212daa,ffauntc2@is.gd,Project Manager
npasticznykc3,f1e112cb549148914dbffb47ad8b734d06ff429b,fbeeblec3@mozilla.org,Systems Administrator III
bgeorgeauc4,5b4f69baa2a6535fce94f380e4231849ca99c9c1,bwegenenc4@europa.eu,Quality Control Specialist
qdwelleyc5,c32f6e351538af7328a1387cea4cb8dea67c017b,ksaylesc5@go.com,Help Desk Technician
hkibbyec6,5215aa9ea228266638152dd72d4dfa4dfa12a789,arestillc6@livejournal.com,Senior Developer
abookc7,205b2932c494e2fae66a2e8aeeeb612f79929323,cdegoeyc7@unc.edu,Executive Secretary
sschuchmacherc8,39a82a1b3164f920988bd6d8c1fecefb370e2279,fbairnsfatherc8@ed.gov,Senior Developer
jparmenterc9,191e712a4931d3e4f73df6cc675554c99d89df33,awandreyc9@oracle.com,Administrative Assistant I
chenrichsenca,430d9e761f08a3f693b21239fccc4239d061e56f,rdimontca@nydailynews.com,Operator
hdomegancb,2fd0dd0e7fb8def0b5907e005ee3b401549a42e7,veadiecb@vimeo.com,VP Marketing
aramalhocc,a6e5014e4cd3ee12a55e4454862c4b7bc58a2073,rcollopycc@goo.ne.jp,Web Designer I
fpheaseycd,428f8bbb746197333ff44b41e6d889214d79c129,amingercd@scientificamerican.com,Graphic Designer
jengledowce,66f1590d618477f5aafcd4bbd3be9ff919c78848,fledburyce@mapquest.com,Electrical Engineer
vkinchcf,89952f0cb75774f9064b82cfd3ebbd20293431f8,aabeaucf@meetup.com,Community Outreach Specialist
kjordencg,6de8f91f97c9be29bca6e8805a03d4bda5eff3bb,elyescg@soundcloud.com,Operator
rcrowdench,66d193b1cae7633b22da0482f482ac5d0aa18c00,dflowersch@cmu.edu,Assistant Media Planner
vcrumbieci,05925c92f090d723d36997591b5e20b2f4701c2c,wgilloolyci@symantec.com,VP Marketing
edunstonecj,119bd99d17858bde61948e9bf49eb81e5507ff7e,tsegeswoethcj@google.com.hk,Financial Analyst
cfaireck,927d76283b70b01fcb844cff1645b4c0f844ed30,handreinick@mapy.cz,Speech Pathologist
emitkincl,651d2ec1ba078142fd4a040f83ab69607ed0a3eb,mmanningcl@patch.com,VP Marketing
oliddiardcm,40077df2bbaae75b3541320fdbfc15fa259db7a2,dfogdencm@sfgate.com,Recruiting Manager
mbyrchercn,cbbbe3f98479b9ffe204278f22ddad29f462002d,skinneallycn@zdnet.com,Financial Analyst
qjeavesco,debaa18717dfb9f67916367690a55cb80aef4256,slambertinico@blog.com,Financial Advisor
wbuckamcp,1ce3236f97581618ecc0ddacc4a74183fd1a320d,drenishcp@about.me,Office Assistant IV
vrothercq,11562e9e197236cd52d77fab8bea93a84012ebf7,childredcq@google.ru,General Manager
pjoulecr,7fc7e5d0addab0630708346f141164a3a99f6979,tstinsoncr@4shared.com,Structural Analysis Engineer
bgeppcs,bd8bc30c0c4f6df24e1e718137a4a088aa62985a,wweekecs@slate.com,Recruiter
emacshiriect,b3da3c43e74f42a29d89ad6af5ce9229a202f4f7,odogetct@mapy.cz,Health Coach I
dfolkertscu,c08be064423c652bcf090b67fe0c0df3e06fb9b3,dnicelycu@myspace.com,Staff Scientist
jgreatheadcv,3592879c92a6f5dbe4dd3d72b3166ccff4f273b6,aidelcv@miibeian.gov.cn,Executive Secretary
jhutchcraftcw,de5cfd4cdef60c8e1930a223736f8be0e864cd8c,sdjordjeviccw@bloomberg.com,Accountant II
efibbingscx,3f8290afb86a6d785e6cf21dc5618e78ae85d8dd,gbibbycx@dmoz.org,Actuary
bhamnettcy,6853e1d20433631b66e4ac0f34cca8335f266fef,rbelascocy@liveinternet.ru,Biostatistician I
mtrehearncz,11ee4e912eda47c4bc8a91fb885bffd8bf775d33,gluberticz@php.net,Tax Accountant
efittesd0,1f21f3f1504d74125d0035c85c1b63e0616ed4d5,ssorleyd0@gizmodo.com,Technical Writer
atasselld1,91a0939a0e49437a3248d79238bb2845e77bbc98,clongmated1@over-blog.com,Quality Control Specialist
nbosenworthd2,9988a78aa9a0300cec0078948e1f3fa2c770601c,dsyncked2@wordpress.com,VP Sales
rpescudd3,0a789c39f856af439615cc6a5a6ba870cc922d02,bphared3@java.com,Staff Accountant IV
witzkovskyd4,d322bc4aa750e3aa3a0ebc6dbde206a3e9d5bb6e,smcmarquisd4@china.com.cn,Senior Cost Accountant
bsessunsd5,dce2c256219b22a2ef3b01f0ab320b4a033fb368,mjeanequind5@salon.com,Information Systems Manager
bmcallesterd6,74ba09155c1f1cbdb95a50e3077878a95e3dcbf0,hmcdowelld6@amazon.co.jp,Chief Design Engineer
mbarrd7,aad35a2f2a25dd7612f7f16f0a7d69375b8a64f5,renriquesd7@oaic.gov.au,Human Resources Manager
kbroadburyd8,d76ceffe366eb651d5fc812a038a3717150bba0b,cbockmannd8@friendfeed.com,Desktop Support Technician
ibawdend9,413713743a5555f52e9412319277e54d0ab21de3,gburgilld9@devhub.com,Legal Assistant
mciepluchda,6a94f489e086e5b80854e53854bfcceb742e791d,vneisingda@smh.com.au,Paralegal
bomaradb,526217c05f8f23971126c6fc5493a05861f06f31,wsawdaydb@java.com,Marketing Manager
crollanddc,b812bddf27fdf3701c26808045cc8fecb927cacc,snoltedc@ebay.com,Nuclear Power Engineer
bjakoubekdd,6f391ed994c9d3753fded03a5f6c919c8d45a5f5,glaxstondd@clickbank.net,Mechanical Systems Engineer
asladde,a2ae7468736bfd305f804b46d09372b1d62d13fb,upudende@umich.edu,Nurse Practicioner
atinhamdf,6c7735c5dcca6d63becfaea0b6bc628e93741d21,lgiovanninidf@digg.com,Community Outreach Specialist
mmintoftdg,08968dc78b98fb52507710b806a4d9f35817a0b9,uburwindg@alibaba.com,Marketing Assistant
bhagyarddh,4b2e34b5ecacc809ccbfb45b4fffa71d173ab3d9,twardesworthdh@dropbox.com,Senior Developer
lantonydi,badf04989977618fc8ddb97b1d169d92705be146,ejannawaydi@wikispaces.com,Dental Hygienist
jburbagedj,bb4e70a8a76e8e8ae922e53a841af7794aafa492,tlaverenzdj@google.co.uk,Senior Quality Engineer
pdanneildk,85df379f5da3a39fc8df6252e5c13c07e12c246c,mmattiussidk@oaic.gov.au,Health Coach II
rlathamdl,2ac024b688ac797037a75fa03b90e2c34a3f435f,ropperydl@theglobeandmail.com,Nurse
amaclardiedm,8c51b7ae984f266e31e98c1fd37e95cb2176b71c,cmushettdm@nytimes.com,Assistant Manager
adillestondn,fbaecbdf76ef3e28f5fdc2e0fdf4cda8e1e0a247,lmcginnelldn@yahoo.co.jp,Structural Analysis Engineer
egovesdo,3df7ea2697ceb0355796a965162b736762a24635,bmoraisdo@istockphoto.com,Structural Analysis Engineer
emcgowndp,20f7e83066fb7a4db1f764af1edce83e643f6363,gdevenniedp@edublogs.org,Research Associate
kgrinvaldsdq,00cb1e24b6aea4e1e511f5c68b74bb788ca3ab2f,lmcgoldrickdq@delicious.com,Senior Quality Engineer
rloreitdr,7562c2973d21ca4c7b55f69945c205045a422347,voggerdr@desdev.cn,Environmental Tech
glyddends,2cdce4e621da78c80806b31943e99f2516d4cb02,resilmonds@dot.gov,Senior Cost Accountant
bmarkeydt,de0f624f21cfe10b856bacba79a7b1e1bbcb5677,jgerholddt@163.com,Geologist I
rfawkedu,c1aa575d2a546a4e3d2edcaaac3c72334d58157a,gbrolechandu@jalbum.net,Database Administrator II
lmcconnachiedv,f9212ed89ca1d04abd8210ab944310e4baea84db,bgouthierdv@oracle.com,Account Representative II
celijahdw,7bcc34fb5654659f0b27e86c398ada0306294825,ajeynesdw@ibm.com,Teacher
hgiannonidx,54bb745a3ad7ee93ead39cc57ce118646f29de68,rpetroffdx@berkeley.edu,Computer Systems Analyst III
glotondy,d8f091acf2c9d84fd6b5ec9ee7e6b7e82e93c4b0,kbeldondy@mozilla.org,Electrical Engineer
jluciusdz,4ee9dd9e92eed87cd18dc8569b6959da00ff40e2,khutchingsdz@ask.com,Executive Secretary
rmcnellise0,93897251b00e65d9576733ce8b16f37e2392a509,abiggse0@over-blog.com,Computer Systems Analyst III
srobardete1,7a487aeb3e76cef1c0daa4299edb32e5f3ed5b81,nreillye1@vistaprint.com,Environmental Tech
cbirkbye2,e322385e602d81838986be9f7c760f0114ba0031,bjimee2@t-online.de,Technical Writer
bhaythe3,7805f401463d6f3353479c52d39a2677cab5d482,cperillioe3@github.io,Graphic Designer
oannione4,75026f51a09432a3b7c265717a02251e5518506b,bdisbreye4@unesco.org,Business Systems Development Analyst
igreenliese5,52c1fe7578e98aed5c00e5d8fb2882a9be7fa55f,mhattigane5@alexa.com,Pharmacist
lstidworthye6,800ea2131bc6fa3de73614cf03f6800f55394892,ebloomere6@ebay.com,Professor
alamymane7,65adc2752d718eecb77c7f28f79686b2ff9be37b,bgurleye7@fastcompany.com,Database Administrator IV
asilsone8,3cffae171e97f6fd18a8e066b00c70c0daf11fa1,sklimkine8@linkedin.com,Software Engineer I
ldouche9,bb4542e90803ff66eb3d5aaaea94a51187994c16,edollinge9@addthis.com,Senior Developer
tsutliffea,b561f6827f4fc23719ea022d61c20bf932ddcda3,mhinnerkea@cocolog-nifty.com,Speech Pathologist
rbenteeb,9dfc5364a74e7d39e3703c140741e7aa4d9ccb6b,gbolfeb@51.la,Accountant IV
hfullec,6c03c2f1c6cae1d3cf169b6b99f25a78e9a1930e,jaggottec@earthlink.net,Software Engineer I
lfillised,3dd0c88d19648541137ab872a261fc3b475a4dcb,rorgilled@live.com,Mechanical Systems Engineer
bquarlessee,fe06d98c4e13023a7e7b4344a412ba3114a24b7d,cparminteree@amazon.com,Automation Specialist II
emacnultyef,95209b2f8c31e83af54c2f11257d352ff28be96c,ebaldryef@github.io,Sales Representative
hdecastelaineg,14914525d521255a961f11685cf9ef5317046578,ehemshalleg@ycombinator.com,Administrative Assistant I
nhuddarteh,c044e8ed5d9dc71d2458f6a03c0791cebf44c393,waindriueh@shutterfly.com,VP Quality Control
ckrollei,dbb11af4aef4bac1ee9cd24864d09177c8672e3a,mcounsellei@livejournal.com,Marketing Manager
hblythej,ab19a49eb5c476636367cde51f9855f7d879395e,gaggeej@webmd.com,Web Designer I
hmindenhallek,affe24540dac62c33def56f1a2e85685baa5f962,jkelemenek@jigsy.com,Director of Sales
ssouthouseel,f06c04abe40f9c4ea7fcc9574473f8de6f908456,aschenkelel@squidoo.com,Tax Accountant
msnailhamem,3526d913c7cf4aae8fd1bdaf343ddfd29a494feb,slambdinem@dagondesign.com,Technical Writer
aeddisonen,29ffd03016cc8cb340c1f44041e22d101e2c6e13,rbaudoneen@macromedia.com,Junior Executive
mshirtcliffeeo,873b52d01132114b16e6a89f4f6b021d76dcacd9,jverseyeo@wikia.com,Web Developer IV
dpoundsfordep,d86ce90fb4de696abc56b4ac4eaa77f5dd855b71,scuthbertsonep@ebay.com,Web Designer II
skittlesseq,a187ad4d6425059188f41d3b93649eb6893c6161,blighteq@tumblr.com,Associate Professor
dmarchanter,264d01d0d832dd20e84413954edf09cd0e681389,categgarter@t.co,Account Representative III
upatingtones,e0f3c377736495dca375f860719401edea24aa50,dcansdilles@whitehouse.gov,Human Resources Assistant I
tloramet,08720dce70684fa2b8f2423b5c8032b987a57a98,mgaynoret@telegraph.co.uk,Administrative Officer
pbenardetteeu,08b995717347b84d01f1d1d4658fc7b7839bc5fd,kculpineu@dyndns.org,Nuclear Power Engineer
fkittowev,0035088c35fb63000336b9ead10d244bebbf54d7,gbrettev@psu.edu,Staff Accountant I
nchampneysew,f249fb44668d8e58678bb0b67806ac0d7bc985ed,schesnutew@last.fm,VP Accounting
bshovelinex,e9d582c486b208bc73a07b306f1cfd7d69e6ee2b,pbearcockex@diigo.com,Geologist II
fglentzey,9c8ddfd7b1e9eeb663bf0b58eea10255f209647e,nfaganey@woothemes.com,Sales Representative
fgiraudatez,d663ae93f8e7d1acafdaa6896197c8feb5951d85,wsoutheranez@dropbox.com,Legal Assistant
nkirkmanf0,d9031b8f80d0ec9ef02a5a339763934c0c92fc25,varnallf0@ucla.edu,Help Desk Operator
loloughanef1,bba20f2cf869c50d72b4f4809e4d2929edd86f14,mrobiotf1@barnesandnoble.com,Software Consultant
wkaliszf2,23bb6e4105d094bad8501a213dae2b1f9a2cfc14,dalgatef2@gnu.org,Account Coordinator
ebottonf3,281fafecd0bb7ddd65416546b3ddc7f583daed1c,godomf3@google.ru,Director of Sales
sbluckf4,d3a6ac7d9dcb8f4884ba41e1cf7ae9d53fca09d8,bbrungerf4@deliciousdays.com,Staff Scientist
mlydonf5,eeff7b9c2467f3dc56d2c6a19b6ed72d8993cf29,tcristoforif5@xrea.com,Geological Engineer
syeskovf6,0ecf01450b2747fda7da21c5c924375498d783e4,kkilpinf6@blogspot.com,Research Assistant II
babendrothf7,647637202858cd2f1bf53479adb3cfb1d95c1701,chutfieldf7@sbwire.com,Engineer II
mmatthissonf8,268c7ce93a195d7521263b9c5d85dea6434767b9,tpaulichf8@acquirethisname.com,Research Assistant I
elazarusf9,752ee373a07e325f2145b8add7f86433f313763c,ringlesonf9@foxnews.com,Cost Accountant
qmcreynoldsfa,b017cef6af2937b5dcc37546099d17318335e7da,cbaufa@phpbb.com,Software Engineer III
jelleryfb,41b5d9a89987890292ba4a7387cf18f94dfcfc74,bjohanssonfb@parallels.com,Clinical Specialist
wkidbyfc,72fbca079fb576c9a18689d33f1d2d801ce1e965,gsanchizfc@stumbleupon.com,VP Accounting
ctockfd,52b2b84ec11488afa5310ab6965a7d5d7068a4a2,efloodfd@about.me,Accounting Assistant IV
cconstantinoufe,c0db2538a9ac8f346e4e424bc87d985b0e6d4ea1,flismorefe@youtu.be,Internal Auditor
bvaulsff,e54c3ed7e931812704ba5141ca94235f8e98bcfb,mcopinff@netscape.com,Analog Circuit Design manager
lollarenshawfg,472361c2bb43da465a03331bb602c7a303706ad2,jfugefg@yale.edu,Product Engineer
cmcclaughlinfh,4f7d4a3756d3b2abb66eba92ddd076ed845cbee3,psneesbiefh@state.gov,Occupational Therapist
bmacalpynefi,72abc4c57c187afffd9d2d95fdc285bd08f83aa0,rhurichfi@symantec.com,Research Associate
mellicottfj,343b344956eb396b9c7ec69d9f8a5dcb9eb5278b,ihelgassfj@macromedia.com,Chief Design Engineer
adegiorgifk,72c8e07663dc9920ba376eef4e636ef8e242ba4a,scanhamfk@google.com.br,Senior Cost Accountant
edurnallfl,3737d8c82c8dec480a93afa4a55adbf28dbbc04a,nmccorleyfl@zimbio.com,Chief Design Engineer
laingelfm,09298fe853fb66079d19a86a5e5dd17af3d33e6d,dgallerfm@soup.io,Chief Design Engineer
rwiggallfn,670d2dddb629284b0d47a6a529d322c0649382b0,bfinlaisonfn@furl.net,Administrative Assistant I
efernandezfo,bd32386b5cafd76d50323f8bc28022dbffc74888,ncoverlynfo@yahoo.co.jp,GIS Technical Architect
ppiwellfp,7b85a030a27ea6af22959a1f939136fc0064d6d8,rdustingfp@de.vu,Office Assistant III
akilbyfq,e14534d89df1bcedb70bc476d6156659d882b42b,oguyonfq@uiuc.edu,Food Chemist
ctebaldfr,bf012eaf9d9a5cf10f0253ea76d02c038e0ec593,esanbrookfr@army.mil,Product Engineer
fpotteryfs,01a3b8da3e3c21812c423ad5767594faa8a75a01,jwankafs@independent.co.uk,Senior Cost Accountant
mgyvesft,f2018e2ecccaada476c55b768437520c0d6496ce,ltarbettft@scribd.com,Engineer I
gennalsfu,a64df531b42573391f858a0d1d4ec5f76c2a6a1f,jbigleyfu@imgur.com,Quality Engineer
csherburnfv,b293423178e95e4dfcf7f54f860f5aba91da8df2,shenrionfv@ustream.tv,Office Assistant I
asackesfw,d012c7131a18242e18155185998fd74d2db66c91,nlonglandfw@prnewswire.com,Clinical Specialist
babrahmfx,4d5e202d5ff4b2c0b19dc04050af025dcde71ed6,basburyfx@apache.org,Assistant Media Planner
qtriswellfy,bf94ca9fd3fd828d4a757af86dd5045b3996566f,lpanasfy@nytimes.com,Programmer I
afairestfz,3dc1ea13607a7d27bee6a6414bacd953dffa555c,rcarrellfz@sina.com.cn,Dental Hygienist
wlinceyg0,df5ffd86d49d40f0ba6b9bdf1b5b7b156c36ea01,fbolling0@ycombinator.com,Design Engineer
hmillichapg1,84f7f3d8cc77cd51346758cce3bdf55da7edce68,jreymersg1@cdc.gov,Product Engineer
yguyerg2,c4af860026078fc513260ae7f3ed46ff92e8b7a3,hdevonaldg2@si.edu,Product Engineer
lfarryang3,c0c2910c1e4f194424a469044eacb4705e37d06a,cbispog3@live.com,VP Sales
cseligsong4,6ac2c88f9e9912a4f2b71a57a6d0faee61a870f8,mmoodyg4@weibo.com,Media Manager III
gyellowleesg5,e975c9f78e7708c06f62d46ad558ae6ebad9e52e,efoulisg5@cdc.gov,VP Marketing
mnobbsg6,96498d9ddc4d1c1573d23ec0fc9b3796c018dae7,kbratleyg6@comsenz.com,Help Desk Technician
dbrizlandg7,d8b9c07c8519d2d55f856d4e4fd84180a7ed062e,ahorsburghg7@live.com,Assistant Manager
ustyleg8,073352cd1e085207c4b12adb15f87e3555e8d5e0,arawseng8@dagondesign.com,Environmental Tech
agoodereg9,4b9ea2ff844821d9af3717bf05ff11321209599d,nmarriageg9@opera.com,Office Assistant I
slaurischga,8d2c24f4953befaaf474e09abd7bdd918cb429bb,bdeblega@wunderground.com,Information Systems Manager
pbaudaingb,2a610043869804f823d61c7d8371fed5e797a314,vscourgiegb@tinypic.com,Product Engineer
rgennergc,eeb6a3ceac76105a1fee100f93865f3e02223545,ebearmangc@earthlink.net,Structural Analysis Engineer
kmurtgd,f3df7dbdf2aa9c9f767f8976db46c088668fbe95,mgurgegd@patch.com,Social Worker
bdenorege,4b34729782d039d60c2669e019603341ad55f5e8,tbellayge@eventbrite.com,Research Assistant IV
jwhittingtongf,dd94479908a52d2abd3edc1535438cacbd68778e,rhattrickgf@opera.com,Information Systems Manager
lscoldinggg,e45180c717b250b76b3d3d63c462f54ce0a85a5c,bstaggg@amazon.de,Health Coach II
jmcgettigangh,3a482c776fa6363c76a5b97f5b62e1e4e38a9cf3,wleversongh@dmoz.org,Teacher
cparysiakgi,502f518d6e2c7ca7883aab02231c9b7cfd306b44,lreegi@wordpress.com,Senior Developer
sjennygj,15e5900b237b5a62b0252fd08e94676367ec4ca0,mocainegj@discovery.com,Senior Developer
twillmotgk,2c9f95db80c21b971a6e0b6a3d4ebeddf8f205d0,bwitheygk@usgs.gov,Help Desk Technician
rwitseygl,2a969583e1084283f559c58e43d48f99f21e505b,bstrathearngl@umn.edu,Biostatistician III
cgotliffegm,97e7e39cfbe0d4b09079e88d8153971d47761259,ycridlongm@prlog.org,Web Developer I
hpaxmangn,1cdecb877c1f5fea2edcc4966749420335a31af9,ewoodcockgn@ibm.com,Occupational Therapist
gwitherspoongo,d49b379ee09e82d784f8bd5ea7bc003b9d36748f,npigginsgo@mysql.com,Administrative Assistant I
ylouthegp,ee93dd8c79a973d0f61c8b9dfe41e7d95513f88f,phebburngp@ovh.net,Nurse Practicioner
ccaheygq,92e872df18a1f7c72c72a22fbb3e4da1721bf1b4,lklimentgq@whitehouse.gov,VP Quality Control
jhastongr,76c7a03e08b78136137afa9921d1c2334636368e,dwellbankgr@wired.com,Account Coordinator
jbengefieldgs,0ee5309120ad09352379715431f712e23ff62eef,bvanyashings@networksolutions.com,Analog Circuit Design manager
gslowgrovegt,4f0c1ab898c44dc49b7805dbec63edd17f146b27,kmargrettgt@who.int,Financial Advisor
imorguegu,1fb39cfefc292d3be19ab123b676cc55a685c4de,vtallongu@dailymotion.com,VP Quality Control
ltotterdellgv,d25ba23759579801bdc8871d8664bd1fd059aa24,mmullanygv@goo.ne.jp,Account Representative IV
opikettgw,0f7b0e6b0a4baefc8ab77f9bb54b48bdd9c4c8d0,lspeariettgw@rediff.com,Nurse Practicioner
mmoregx,295556686941ce2f57fcb1a9d9f92d3bbdd1c32c,rbridalgx@squarespace.com,Business Systems Development Analyst
ftobingy,0a8b6d1b05ab27468a68a8337549a54b81a484e2,sludgategy@hp.com,Physical Therapy Assistant
lcaseleygz,ba6c0b4d0146262001ed77c7e3c1172a4af4e576,rbathergz@hatena.ne.jp,Automation Specialist IV
smacmenemyh0,c90940d26fdd86a56576a286cfcb3c2c21d10776,zdadgeh0@wix.com,Junior Executive
gflorish1,bd0dcf14eb6de26a490d31ce42e34c8512989af7,jboarerh1@npr.org,General Manager
dwaterfieldh2,83f574f4325c0d994d45bedd52484730ad336186,mferreirah2@cnbc.com,Project Manager
ymordacaih3,78ca9ed05e2bf1422c6f430f7d394327b5a39a81,cwolfendenh3@1und1.de,Compensation Analyst
mvictoriah4,4725f5f1089c8d3949038ab765015604d1764ed9,amcteagueh4@si.edu,Marketing Manager
ghurllh5,1c1d703cd206640b1b6b797047b4253dd3cb72b5,mlauderdaleh5@cbslocal.com,Research Nurse
nkippinh6,9bcb8f88e426ba52aee61308f76cc3031f018807,ccottuh6@psu.edu,Associate Professor
hskinnerh7,83742de656e305bbfb963ba2e9a27d756b6e504f,nbeaversh7@clickbank.net,Health Coach IV
dpagonh8,7962a750cfe40866a66088f126b60b291ee6ff69,etanguyh8@webs.com,Senior Developer
mmochanh9,2f47cd7342b143504cecc2e29a90814622dc26a0,mplitzh9@telegraph.co.uk,Sales Associate
brenfreeha,c1f3debe7571634f65c9113cddf7e035d422915a,ballseppha@nytimes.com,Statistician III
lgarcihb,066b203161175063f2736214031111240a47e855,daclandhb@mit.edu,Computer Systems Analyst I
rodowlinghc,d5717130fd006775cf156360c251d8d2faf727f3,pcooganhc@comsenz.com,Compensation Analyst
ekiddlehd,67bc5cbe667c2de6e264a8952bf33d18e3900846,myakunikovhd@last.fm,Civil Engineer
switcherleyhe,a2f8f4b1a247ab2033e90e486b08cf5b1106fc5f,alohanhe@issuu.com,Human Resources Manager
fguisehf,001b1693f123158c4cdfdcd9e2135fedb1a7f40b,cmarquisshf@icio.us,Marketing Assistant
pdomnineyhg,956175a6423b4fa730fc347292962049d9a8a3c1,pcopeshg@si.edu,Computer Systems Analyst IV
vjebbhh,80d1b91dc7f3e71af7123641b660728da46bb8a1,pmatyashh@home.pl,Marketing Assistant
cmeeginhi,f6749fe122a4cc7978a4382d2c0f33ac879a9d0a,tcloustonhi@ft.com,Recruiter
eocosgrahj,b3372da512efc89995348aad5f434874fcb82add,jjeffryhj@seesaa.net,Operator
hfilleryhk,1797cb3d52dbd501f81aa94432559a39c8c2e65f,cdriuzzihk@joomla.org,Dental Hygienist
sbodimeadehl,9a94044801a28a57d5af956db056cde1c143c8bb,goultramhl@businesswire.com,Assistant Professor
gelfordhm,ed3e03fd81a9388cb43ca095e26838a11cdb673c,fpeyeshm@example.com,Project Manager
cbrizellhn,a477197e16c714cd602c7a9b00af89ee10294a90,smarymanhn@smugmug.com,Recruiting Manager
sstenerho,77e6cc79c15920d29e4665077d6981cf74235cfe,plevenskyho@gov.uk,Data Coordiator
aforrestallhp,46f31d67d85e78129ee72b31366ef2fbc3926a84,rvanbruggenhp@huffingtonpost.com,Sales Associate
ykinnetthq,50ba4984fa624f5f1aacd2b2b725c6b3928b8d29,rrufhq@paginegialle.it,Design Engineer
mbubeerhr,11887ff195be0c5e9419b95c7a385124fc38ae19,fdemongehr@wufoo.com,Senior Quality Engineer
dbollomhs,05daaa92eeef9a5ddd8d86e02a0aa33d230b5660,ballibandhs@imgur.com,Software Consultant
tpattulloht,ae12cb3eb348541b795c3ee62cad6a298923d4f5,jbazyletsht@symantec.com,Safety Technician I
ichapelhowhu,5f5a24f522e7ba7e87e09fe35d77a46d46b05cca,abakeshu@scientificamerican.com,Media Manager I
acolamhv,3131b1de172e0cd1867940b04312e8ff00a06baf,fgainsburghhv@about.me,Compensation Analyst
wabadehw,3500b5db489e7c45c3d4f1fa0fb11ba4eff89da4,rcluitthw@google.it,Account Representative III
ojoncichx,816f48f0b4edf60f0534ee17f23aa991a9d50bb2,sohaganhx@nationalgeographic.com,Civil Engineer
ddubiquehy,411d329f49c3a7200211a250ef432c55ead6d348,kbaniardhy@rakuten.co.jp,Sales Associate
uinkpenhz,5d9d407bd4da1fc961b5478056e89dc84921ccca,adearehz@histats.com,Recruiting Manager
tdumberrilli0,22733fa805c19c2a40ecbe9df3e8d70172cfa2a3,ralneri0@nationalgeographic.com,Chief Design Engineer
tstibbsi1,758f3246a5668106fe4f0f80227c4ac75afc34e9,rmegarryi1@google.de,VP Quality Control
jmcfeati2,711988105801ac46bc5683c61578764faf4283ed,ttowrissi2@eepurl.com,Analog Circuit Design manager
jzisnerosi3,7c012dc794eeb7a39743a48fc4f4827cd2c4733c,bshaddicki3@fotki.com,Web Developer IV
gfaasi4,85c52bf09fd89506be486dd49dedd9fcefb1605f,fdiblingi4@wufoo.com,Account Representative III
sdambrogioi5,6eccdde756ba2f906f69b4a112d3a7c9084e808d,jpetrushkevichi5@businessinsider.com,Compensation Analyst
aprobettsi6,23f33d7d36e872b2f58d1ab0de6e269586ff0cff,jstoreki6@cbslocal.com,Financial Analyst
mdonoi7,b4fc3712914994a610579ee0aab6c2e7befdf5b9,hfebryi7@rambler.ru,Sales Representative
hwilkennsoni8,9db1b68b78a31e639a7fbab8faebcc78f20cf8d4,gbuxseyi8@technorati.com,Junior Executive
lduckersi9,5e5add831e1c73a74860812a213056ec9aa5b230,eworldi9@usnews.com,Account Representative III
mmeoia,2ab415340b457098edd16323b3f18b4089b12ba9,jbeardonia@shutterfly.com,Staff Scientist
hdybbeib,8c089761c78b650583c318c2990621caa2e651b2,rtinceyib@creativecommons.org,Social Worker
nguswellic,8f62caeac3015e4fc4c33beecaf9b18dcb859128,lbruggeric@wufoo.com,Project Manager
ktadmanid,62f8b690951fe87663fb9b569afd20e37a506c27,bpresserid@vk.com,Analog Circuit Design manager
rviceie,4da348be463d8f7d64824586f9c36b153377c8f0,ckopischie@gnu.org,Analyst Programmer
arudsdaleif,0e32e191e50f9d6f59a1e2ed352b0a055a34589c,ldaldryif@surveymonkey.com,Developer II
etimsig,96f1761141b94266a72b9b4c9c3355254c2d9e3d,tpuddiferig@51.la,Analyst Programmer
achartmanih,ff42b9c61e6a0517ed98b0bb60c28a534449b416,ejacobovitchih@wordpress.org,Environmental Tech
ehellenii,2ef19464e3b8bdd3b7eb1afe5169cd6fad326a76,alebournii@soup.io,Administrative Assistant IV
lquayleij,6f6842dac78b5ab212ee1a53c9b8d6cfe2978db6,fspeedinij@sphinn.com,VP Product Management
ilewendonik,e3f705e19047cc1f0df3fb8102b84a245f05242e,hlaintonik@google.co.jp,General Manager
ystainil,7b58365993389c798f768da8eef5ab4fc83c1777,tgowil@prlog.org,Physical Therapy Assistant
efearsim,47f41ddb19772d089e4aa66445ca09fb031be0ce,vsturmim@theguardian.com,Tax Accountant
adaggerin,347853f1892bbf75701d489ae222e1e42038dd34,jmacdonellin@baidu.com,Mechanical Systems Engineer
zblakemanio,236b1d8e766ce007f0d64aa342f99649f1fc4bef,nbonafantio@forbes.com,Programmer Analyst II
alapthornip,d49918045097374f456ec0822887300908e53c5c,bcursonsip@t.co,Biostatistician IV
mtremontanaiq,4a499e86164d8e55f7e6631dcb0e26ebae749b4e,fsparkeiq@cpanel.net,Food Chemist
cpinkardir,9ddfc76f721be33a49bfd423cc130a7df9e66d5a,rwooffindenir@wufoo.com,Research Nurse
briddellis,d78b9d86bb42842cb973d79d1ebf98e7d7217675,ochancelieris@about.me,Account Executive
yfigurskiit,477c4739fce494fd180cc85b590920e715a2d1e7,tisbellit@google.co.uk,Marketing Manager
dbrayshayiu,1728f95e7b542dfd984e10851261b572170647e2,dpiesoldiu@nifty.com,Registered Nurse
bjaszczakiv,f44a29cb3d4e163686aef6acb49cc057bc06cecd,jarmisteadiv@hc360.com,Senior Editor
stwelveiw,c2aa17a8716ed5eae24504052785726fa0be8a80,dgusloniw@dedecms.com,Web Designer III
shawkingsix,b8fa4b6b243da5e8b89d214f72158d2883be1b1a,qcarlisiix@intel.com,Information Systems Manager
bjillionsiy,fcb17094abcbcb8eec5afbc11da5ad38276f22c4,amessengeriy@eventbrite.com,Marketing Assistant
rganningiz,bd6be6535c6f155db2f0c972f536cc7eb8b70c6e,nalfonsoiz@google.ru,Biostatistician IV
lsandonj0,33e402fa776bffe491bf9fa780d5c980c99dc68a,nhandmorej0@mit.edu,Programmer II
dspaulej1,7dbb47be71ad958dfbbb1636f10ad99916ffe185,shenriquesj1@miibeian.gov.cn,VP Product Management
rbelderfieldj2,acf9de706180b21c56d2c17edcccd56369069a37,rpaylerj2@dropbox.com,Accounting Assistant I
dlynthalj3,95be531e551858ebb50ba1f22baa47c9b436ef7d,tgainsefordj3@hubpages.com,Senior Editor
dmarchelloj4,805dfc6b6b571469fe3096cd9b6f376fc35c53c5,spostancej4@live.com,Food Chemist
dpollenj5,6a95f5b236348c61710264263e866a9a8c74572b,fmattiaj5@wikispaces.com,Office Assistant IV
tbrianj6,029cebbc8f2a815877053100f14a291241ab7631,mstiellj6@microsoft.com,Physical Therapy Assistant
ameneghellij7,af9961c07d3da584995dcf7c0fa42a965df3ed88,bdowryj7@irs.gov,Professor
dmartellinij8,60f883879fa2738031fce8e79fa5600d68aba8e3,nbacksonj8@usgs.gov,Health Coach III
jeyej9,f6f7066a6f55b85fcb131025db56076425b5057f,mwayej9@cloudflare.com,Analyst Programmer
klazonbyja,f0778630245fc4ce1741a0df29fc4f2a5f895ba8,cperrisja@mtv.com,Geologist II
sjammetjb,f71a9049da82ae44a48293b4c5778f5a86ca40c1,jspurmanjb@sun.com,Associate Professor
bmabonjc,9d11bfc48f1d6fdf22919e5395f1bfefe6f78ed5,stregidgojc@bluehost.com,Administrative Officer
blasseterjd,757a06b2591c95d0b249ff20ce2e6747483ff6e3,hjecockjd@illinois.edu,Paralegal
jfoucardje,2f6a827db05d3c8d7ee73251432b38873a31ee5d,rratnageje@noaa.gov,Senior Quality Engineer
sgougejf,08b5c905faedd833334489590f443190d1ecbbc3,sminchijf@furl.net,Paralegal
gbraddonjg,498740a8dafa403385df2915c79ead9bdd152304,fjakubovitsjg@ask.com,Teacher
jonealjh,c3375495f0a57c57138eaefa31a41332c65e3633,sleaderjh@tumblr.com,Clinical Specialist
fivieji,c8df50878478792f7854575a9178eeb86b1a1229,lswofferji@paypal.com,Administrative Officer
fiacomijj,4ae4403742f1c64912bb769efe24df3d58f7b791,lfulopjj@eepurl.com,Cost Accountant
abergstrandjk,5f246d74ddf66f9f799c9acb83acea4b1b12c4ea,mlambornjk@facebook.com,Teacher
jcammockjl,7110f2ab5a0fbd7cf5d7d50099ba37b8221d626f,raggsjl@spotify.com,Geologist III
bcottierjm,9ff43b5b69015458233e272ce3f2b6aa27d32a27,amccombejm@cbslocal.com,Account Executive
ccaulfieldjn,35ee577b39618b86274b05b14c4c9be7a4233fa5,aboncorejn@hatena.ne.jp,Web Developer II
plammersjo,d85180c18831349012de8b0a1acc6b682ff56d93,lpepisjo@ycombinator.com,Chief Design Engineer
sfeuelljp,c5f93e66daac57173d32af6fa7ef5ab8d851d477,nlaurencotjp@newsvine.com,Financial Analyst
mpollockjq,cd5cdcbd2958bba1783c9720b86571eeb00dde34,toransjq@i2i.jp,Assistant Professor
lnuddsjr,b514fa0579b11b444246fac3a7dc66ecbba282b4,ahuntjr@cdc.gov,Actuary
aadranjs,9de68d29ded006f3870762a967f8876f83fb2a43,jrawnsleyjs@ning.com,Accounting Assistant III
jpulverjt,b89960d2de56d48d486aaff72c8650d8d394898f,tandrysjt@bbc.co.uk,Geological Engineer
dbeurichju,093b7d9f0f237d805b55acccb606fc1529a81ff9,narnaudinju@cyberchimps.com,Administrative Officer
mhealeyjv,cade8038e06073b13959f418971e8b6935887e8d,trableyjv@google.com.br,Administrative Officer
hdealmeidajw,788499a0d54e1edb4e60316e20d76d8853ebc80d,kegelljw@1688.com,VP Product Management
noldcroftjx,caded9538ca3eeb94b7ed4673ab680545178e2e9,mjenessjx@samsung.com,Clinical Specialist
awilloughbyjy,7d4aba4a4395ce3c0dc95b82c1e4f3fb62e657af,lortsjy@reverbnation.com,Senior Developer
jwillattsjz,b1088e47bd243f6c66eb75340c76d3813e503d26,rmarkovichjz@cbslocal.com,Account Coordinator
ykeizmank0,994534c1ab9f7b91d738f746fdcae6d90ca5f34c,doharak0@theglobeandmail.com,Environmental Specialist
mdeblasik1,1372b6c570d2ad02f580443deaa405625dfe0984,bkingslandk1@aol.com,Professor
awoolleyk2,9e6c78d8bc68c93d5d045ae85420b919e199a8bd,mcicchitellok2@spotify.com,Systems Administrator I
lfermerk3,05c1599a68583248f519ea5511e6e63d18f64fd8,etreharnek3@harvard.edu,Professor
lcockertonk4,f3b4aea40504ea85eecbdad6ba7bb8f0fe56f7d9,sastellk4@google.fr,Analyst Programmer
jtottlek5,b528887340a359993abef05f12a8a5c90f3ca2ca,adrayk5@ibm.com,Human Resources Manager
lbrantlk6,777498ab7a34ac2eb9397887a993b289cacb9403,acullaghk6@phpbb.com,Social Worker
gkeileyk7,b632a3b1701e0fa92f8343791433979a16065d57,bseccombek7@mlb.com,Software Test Engineer III
cslyfordk8,596b68f09dd3aefc31ad314f43bda45d2d29532b,ftysallk8@google.es,Product Engineer
hdighthamk9,aeffd643a45629eaeb1f4e3cc4618fff1e41ece0,delnoughk9@posterous.com,Sales Representative
akieldka,16c30d43cd78f9ed939cd0c0839934050517f5ce,chaswallka@typepad.com,Staff Scientist
cmcgavigankb,a775274d016e01fbd8c42a43e698d8cf0649535a,tmoodeykb@e-recht24.de,VP Sales
jmonroekc,a273d7d8f25b5e9a7e91675c6751039d7324e0ed,gdixseekc@unblog.fr,Senior Editor
fcostikd,fef076a965350b733b79d1fb7f569a99d957e905,hcocksedgekd@theglobeandmail.com,VP Product Management
galgeoke,eb5c60308c74bb7fb8ce6ad217ef5cb09e3e64c4,abevarke@accuweather.com,VP Accounting
ecarriagekf,2735d5e0e13b683d1829f08ae3aa1812ec07f0ed,scantrillkf@goo.gl,Web Designer II
ktapnerkg,389670408bbe381e786cca9781d066e088a590af,wscandredkg@youtu.be,Assistant Professor
adumberrillkh,d4c0222779a8c7094cff8fdda3d4c8abe5a86465,mbearkh@google.co.uk,Payment Adjustment Coordinator
khundleyki,a077b1d26cb517e793bdd10bfbbf6ef7091439ed,wpridmoreki@oracle.com,Biostatistician II
ltassellkj,ad21b4a3e3f69503d7d04978954d63ec8892af03,sbrewertonkj@netlog.com,Business Systems Development Analyst
nbroskekk,b1cca6cdc059561b1e41362314b2b155b8d090b1,cberickkk@surveymonkey.com,Physical Therapy Assistant
gbrettkl,98d38d5d4befbf0343f4b944a87742c290dcff59,gcantonkl@earthlink.net,Recruiting Manager
ddybbekm,5503e34464b95574858d2de876282b73efb2f686,cbradnumkm@mysql.com,Budget/Accounting Analyst IV
pkeemarkn,3c626ba43322d0912d06e274e134f79c28133aac,iardernkn@gnu.org,Account Coordinator
zgrievsonko,bd5bb8f67b2da9628c21097c524331882b20ed83,malldredko@tinyurl.com,Financial Advisor
thundellkp,565ee328975cbaa41ad97213241d6a7798e85c3b,astrudwickkp@irs.gov,Associate Professor
rroslekq,4fefdb8512b97e60ba8bb05469eb491bbbe9ade0,pdomenichellikq@deliciousdays.com,Senior Editor
bmccoveneykr,116015e0a04ed43777d880576d33b54aec96c313,lkenelinkr@soundcloud.com,Marketing Assistant
bmacneishks,c874bf25e4b6802c3744313f98d8bbbbbd8eec67,sjaffreyks@theglobeandmail.com,Developer I
dcrowleykt,0a5b57cd7d7d9a4da234f7485cecbcf56a366ee6,bbarlowkt@earthlink.net,Software Consultant
adingku,bd26ce5e692d16e31afe351d0d819a6275d28fd8,cdurransku@naver.com,Geological Engineer
nskainkv,594e942c25d78678b277375f8ef9ba993b8fe170,aidillkv@fema.gov,Sales Associate
ckilgallenkw,8520b86eebda1c5a1e90d73f4a0db0395bd94053,aelphkw@tinypic.com,Senior Editor
mdirobertokx,39341500e29fbb1670ba46561b2bda549ba8b206,cgleaderkx@blogs.com,Nurse
bmottleyky,9e351267370d1a34b43cef534c8e28c6bf9e03f7,istartky@barnesandnoble.com,Research Associate
djirickkz,6b187d8e2117af141883c6dc1e5bd692d273d1f8,vkopelmankz@google.fr,Chief Design Engineer
hgirvinl0,4a397b6d2bf9d80352243dae9df163f11c66506a,apirolinil0@symantec.com,Assistant Professor
gwhaphaml1,79e570d24dd1076f1001a57bd9471c07546ba3e7,rmanserl1@cam.ac.uk,Help Desk Operator
vsprasenl2,f18c9a1a0b96542c455b98a37fde1ac8924dd87a,mdeleal2@washington.edu,Chief Design Engineer
graggattl3,931bc72f0617e6083ae97717f77b0556dcc1bf78,dbeechcraftl3@google.co.jp,VP Product Management
ctenantl4,cc6d5d67a038aee82027ba12ff9d0f7a362ad93b,jewertl4@shareasale.com,Geologist IV
fsprostonl5,f007b386fe1d7fb1dabf1c187d478306208982fa,cgaull5@ameblo.jp,Human Resources Manager
mlorenzettol6,480fad2cce88008f33dd3968fada7ca4fa79fd5b,rburrell6@wsj.com,Physical Therapy Assistant
mvasyutochkinl7,11cb838a7e8da9c6ee3fb4b9064a2c3c3ad79547,llusherl7@imgur.com,Cost Accountant
kmirrleesl8,92d3ec93ed2002a7bfbf3a205ec4016cb9d5b4e2,pdequinceyl8@nature.com,Registered Nurse
pgavahanl9,75f52bb9ffd5531de6a9b7afcd5da8f907a57c64,cbeardshawl9@narod.ru,Internal Auditor
breadingla,7781da28fa4a954ecbd8200919c287ab9718bffc,aananla@unc.edu,Data Coordiator
sbarehamlb,5cb5e5ad718575330be48b986a35e57a52812f00,kshelperlb@cmu.edu,Environmental Specialist
hbissikerlc,75c8d782d3f719a1b0ab956440f08e422e5e0262,hmoneylc@netscape.com,Data Coordiator
wsinkinsld,22a450de826269d70865037fa491f530b550c97a,ibehanld@ocn.ne.jp,Nurse
tedlynle,d6577d80f4afe52f67d19607148f2bc10e5752bf,vlarivele@upenn.edu,Senior Sales Associate
dcannylf,415f9e8211605887f453445af3b01eee7fe27a81,rbruunlf@hubpages.com,Assistant Professor
acheerslg,1f23d86b2d11c747206ac2f0efa852c293e45578,gfairheadlg@bloglines.com,Marketing Manager
kdekeyserlh,0343a4743d5fbf5a46dcb3a59fd7605159cef16b,ccragglh@mapy.cz,Marketing Assistant
cwoodstockli,4bebe9b2227271bafd7e04ea1570ecd55113e4c5,idomleoli@vk.com,Food Chemist
vrodgierlj,906faa8ce32a0c9c43ab1d09a9dae8ab90c1c757,rpiffordlj@instagram.com,Systems Administrator II
rromaninilk,4b408ea29f437c71a20ae453ab364404c17733ae,rashpolelk@arizona.edu,Biostatistician I
whamlynll,ad956a6fdc1ac85879ba7364e7c1a06299756f5b,dbroadberell@wikimedia.org,Geological Engineer
hclymalm,2426636eca393f88f86b91d9d82ab17188e27924,ncoolsonlm@huffingtonpost.com,Staff Accountant III
njacombln,b11de6da3c2decaee9555b49a9b27edacc1c50d6,lmichalln@examiner.com,Quality Engineer
bpagdenlo,4441a877b6c4cf3ffc74061507d139f7eccb3aac,gthursfieldlo@ocn.ne.jp,Executive Secretary
hdohmannlp,1fd324125bf52d9973f72c27423de451b115b960,bfreiberglp@tripadvisor.com,Media Manager II
fdudmarshlq,ee2119917088acb8c250a0751221f6f38ed48df5,dstubbeleylq@yandex.ru,Quality Control Specialist
ccelizlr,ea4ff14704c04808f227c86c3138a8bf724e26e5,ugreenstreetlr@newyorker.com,Quality Engineer
kdebullionls,2bf9dc538dc952d983ee67c1c488f5df85f07e22,mjacquemotls@hatena.ne.jp,Environmental Tech
wclarabutlt,2292818c9be0cfddc52bbfc83626621f8a42014f,bguidilt@dailymail.co.uk,GIS Technical Architect
rfeeherylu,cae5c71b55e1a43aa97cb902b7481e5624d4ac9c,pdurranlu@123-reg.co.uk,Business Systems Development Analyst
fphittiplacelv,31862c56d53367d0ac84854a6fa04b7014fe9e17,jthomazetlv@cocolog-nifty.com,Legal Assistant
oreddlesdenlw,f6b93b4bfaa81a6f09934465b762b9a61246935c,khamsharlw@ucla.edu,Health Coach I
nhinkleylx,0d6268276c7bdcfddc8111d59f42ea922ef945f8,tpinderlx@yahoo.com,Accountant I
isorely,f16bafcd89d75100a5a1b936d972563d744a423d,cfellly@bbc.co.uk,Business Systems Development Analyst
rashelz,a7b3ad8cc5f2fcd95a73e461e3a168c8380a1741,tgheeorghielz@msu.edu,Speech Pathologist
hhicklingbottomm0,aba379d899843e4e267d7427e345af28019823b8,kchoakm0@bbc.co.uk,Developer III
cabrahamianm1,1fb76635bdb7b01f372e64f1cebbb7c20e0cddf0,rdoullm1@typepad.com,Recruiter
boriganm2,fac2a64be7b99e0dc01b7b8779c257bef75385ba,ljaquemarm2@youtube.com,Systems Administrator I
dleaskm3,f68f76e1831f4bcb6abc07a79a177098b5384c07,fmincherm3@odnoklassniki.ru,Product Engineer
mwhewellm4,3f5649812bec978142a939e16e12c5a55e907d12,fbagotm4@360.cn,Marketing Assistant
jfishburnm5,782040e67792b6c1c45bfecc9d198fe7616196d6,rpadleym5@hubpages.com,Junior Executive
cpeckhamm6,4c8318ecf71941e4d60867c766af28796a38f9bc,bebbottsm6@mayoclinic.com,Speech Pathologist
mcaushm7,86bd138fcbcad8c99a21971cdbc90dc196fc78e4,lwethm7@google.com.hk,Mechanical Systems Engineer
onelthropm8,1155f8677ad0c8afc91573ac0668f72195ac485f,beadiem8@wikispaces.com,Programmer Analyst I
cwederellm9,88af96f7a1413ead0e62b3a8faf1afe90930bb00,mtaillantm9@mit.edu,Compensation Analyst
tlateyma,46515f507b093ec22c4bf59d15cd6fbf672d11b3,escimonellima@google.com,Quality Engineer
bromushkinmb,f21e87eea80e9f26a531da8f09badde5aede1c37,wpethrickmb@intel.com,Accountant II
chelmmc,efa31f3acab18bde414482e0375e2b0ebc693a72,ccoolmc@drupal.org,VP Quality Control
mhaylandmd,c577db28be490f40c2a1805c3bbc8a3939fc4a1b,mhenricssonmd@miibeian.gov.cn,Payment Adjustment Coordinator
kordishme,af3d0e65dca51a287383bc638b7b5e85ddbce70d,tchoulesme@mtv.com,Computer Systems Analyst IV
mnottonmf,aa99783c425a27a9bda08b8674bea40c24ea85a7,raubinmf@tinypic.com,Dental Hygienist
jtrobemg,f0a2f09b5ec17cdf894d87ea45c3f6c47bef81ac,mfoxcroftmg@de.vu,Operator
sbuckammh,b66e00ae2a64532570188b079a783ff96cf71155,ashawlmh@time.com,Systems Administrator II
kfachemi,2f1aa7d80954ef80ffe8536caa39a6c3bf9f4009,jwhithammi@amazonaws.com,Research Associate
pdysonmj,5f736d79ea87a4612ff801e5ef2cf2b5df70e41a,aeakemj@uol.com.br,Nurse Practicioner
rpendergrastmk,c1c8ab979b25bbfb0530bce41532e9da794b7800,hstadingmk@pagesperso-orange.fr,Assistant Media Planner
atothml,490ef3c9a393d7a527424a679007953dd829c542,agaberml@epa.gov,VP Marketing
aspontonmm,470dec4cb2c17792169a8b822f7784b82fd5bacc,csabatesmm@cpanel.net,Pharmacist
vsmythemn,8ef02bc23458bf3af7d434433010293310c36046,ysorrelmn@pcworld.com,VP Marketing
fhumanmo,67a64860a594c243cd4acbd93a3737f36a1afaec,dflowersmo@wsj.com,Automation Specialist I
nwixeymp,96c2dd9ae5064bdbb00ff9984beb3df517effac0,dbiglymp@gravatar.com,Senior Financial Analyst
rbuckthorpemq,1016314bc8919d8f29288b011855c5eedd88ceea,kblumsommq@deviantart.com,Professor
ltebbmr,691c70d8170be46e4b1312b3d65f58924c1ea2e4,mjakawaymr@sitemeter.com,Accounting Assistant I
lbarringtonms,d2e2f19d228379a90e6c36dd194c28949effb956,hplaylems@goo.gl,Nurse Practicioner
nkirkbridemt,784825da39ccd152ecc923733dbc4d3f564cca6a,cvanlintmt@is.gd,Software Consultant
vfranzonettimu,4a3d47b2e3ebbba1cd71f970993b0cf591797a7a,jcressymu@howstuffworks.com,Help Desk Operator
iladdlemv,e95500bba5a7bf0334cab1d67512f6035e516a4d,amoffetmv@oracle.com,Human Resources Manager
lpennazzimw,e65726bf8d5a8ae5d93c0818bafe95ef203abc90,kballsdonmw@hostgator.com,Actuary
kmillieremx,295b924532eaf03b0205ae79d3d9fc3bb05af9a0,aculmermx@umn.edu,Senior Sales Associate
vculvermy,90f59d13ce77c46a5d0dd8b8dc6ccf6604900f3d,croskrugmy@bing.com,Research Assistant II
eharbinsonmz,c20775fdb2f5d2a1bb825a87de6ffbcba4db603c,jstanistreetmz@1688.com,Legal Assistant
tpaddingdonn0,696889917477b5f4eb8e981317648902269c7c16,cwinspurn0@unicef.org,Developer I
crobioun1,3e2352ef9ad9dc003d6892ea1a9bb7cea146553d,rgallagern1@dropbox.com,Chief Design Engineer
cmantripn2,c2f32c30ae5e7b1ca08bdf8789f0b494000e2afb,rzorzettin2@facebook.com,Financial Analyst
mdruittn3,a6274b0bb5ee3533afe31c5c3ab0ac78ccd5d8dc,bgreenhaughn3@tinypic.com,Nurse Practicioner
amattausn4,53c4bb17d1451db72185ed774b12fdc3a9492fb3,lhauchn4@house.gov,Associate Professor
fquincen5,1ee52f49a2a744152f6c132f78d783eeb116c7a1,rdempstern5@simplemachines.org,Assistant Media Planner
amessinghamn6,c11cafd3a0d14ce13f0ece6dd6816106100d34e3,mmurdien6@clickbank.net,Food Chemist
gcornnern7,63834fed5e224892694fb05937e4528790d5fda6,thoultn7@mapquest.com,Teacher
rgooddingn8,bf6255886fe4b9131ffb27136b6efe2b1d82cf48,bclowleyn8@mapy.cz,Dental Hygienist
vcarletonn9,44106b1493ef96ed0bcf2191abe2cda8ab2c1d01,rdancyn9@aol.com,Business Systems Development Analyst
stownsna,c6b99622d7247a1977c1ef523fd51065999e029b,qgrazierna@cafepress.com,Database Administrator I
jmacmenaminnb,3b60444ba7ed82b2845d76eb869354038d62f1a6,ldorneynb@wikia.com,Food Chemist
jcaneonc,717e6d0fb8d372df86c0d1e0b971f81ee20263a7,dnutmannc@va.gov,Financial Advisor
sgorcend,d839bece922cbcbd54adb41e6fb6d63e138155e0,cdefilippisnd@google.com.hk,Quality Control Specialist
hbrotheridgene,ac0f16c16895f9a74cc91bbf67f5d3223560e4c8,vreolfone@mlb.com,Office Assistant II
jtomasicchionf,eae5c143d3c41df5acf44bf3aef6fbfea87b2065,bjurischnf@ted.com,Tax Accountant
hguiseng,2d4775de616d3fc7400bcbfaa3a63faf8c42143c,dclapstonng@census.gov,Research Assistant I
gfarncombenh,2f8eb63e90b00176a8029836a33b3d83ced68f3e,eeadsnh@booking.com,Physical Therapy Assistant
speekeni,9160cb03fc1786ef23083aebbca307d269f19491,crobertotni@constantcontact.com,Help Desk Operator
tmillhillnj,4f5a9f7fcae22e5c616c1780f0b14e009fcb1e42,mcoasenj@yolasite.com,Accounting Assistant II
mlefranknk,0b73e72bd280595c290aa80c65bce9a9858273c4,ccowndleynk@amazon.co.uk,Office Assistant IV
ueyenl,d0bcd9d2ef33e6bdb4774d1a44148ba67ed7954a,rtessiernl@omniture.com,Physical Therapy Assistant
kgianasinm,f82b4d5f44d1c5ab475f10d6452bfddc513de246,lvolkernm@ca.gov,Health Coach III
probartsnn,5328e3e0a273a2142d20dcdc97df19702a681bbf,daddeynn@mtv.com,Business Systems Development Analyst
corbellno,26e19eb2198a137eab50c3bd7070c8838f7093df,bmchenryno@icio.us,Environmental Specialist
ndreinannp,62a5bbb437a3bdd43a319418f4553de895bf6288,skohnnp@photobucket.com,Senior Quality Engineer
taubinnq,ad40564f7d48d1239ff957c85a501ad6cc401047,vmerchantnq@list-manage.com,Teacher
chenfrenr,13292ba2844c441b7698f6d246dc8401e65921e4,gkenelinnr@cocolog-nifty.com,Human Resources Manager
sshaperans,5c7a07216a7de4243970c09b88d0f91551d3506d,lleavesns@gnu.org,Compensation Analyst
bricksnt,e969e2883587e26184dcfc1a6728f36aba86373a,lsartonnt@typepad.com,Programmer Analyst I
atodnu,e72ce07bd8f67ffdc42e5493ec0fd7e22dc99752,pslynenu@independent.co.uk,Executive Secretary
nskacenv,c5eea1d47bc8cfd067cc726528c2daf2099fe843,jpailnv@columbia.edu,Food Chemist
jdyballnw,6ead16af746baaab3413dd266c1253c1ffd12bcc,chuikerbynw@craigslist.org,Actuary
mfranchioninx,37309f7e3d9c8d6b71e8496ceae1bebf1b2f505a,ehamsherenx@php.net,Chemical Engineer
sfrantsevny,8e7c7eec7186b142912bbd630f4659bf2c059648,rdarrigony@meetup.com,Legal Assistant
uwistancenz,d8e59b40ba650f5140d3756c48ef1b785efe9dab,elautienz@exblog.jp,Actuary
lprozesckyo0,9e1b31b37a74e12e62d9471cb6885b040e1d1741,wpetkeno0@issuu.com,Professor
rphelipeauo1,b4a36fb526705127d9df92b2784e11a778cc9570,mvasilevicho1@bigcartel.com,Help Desk Technician
rickovitzo2,25dee9e8d8dfa850a7bb670e5dc01d12cbba2de9,solenino2@ucoz.com,Registered Nurse
tgovano3,0730601d0baab45f6cadc5077eec4b34a85e62da,hmatresseo3@prlog.org,Recruiting Manager
acaudleo4,0be2a873de0d55d08c3fd6845f8664b13d388854,lgwinno4@cnet.com,Legal Assistant
lkeepino5,4bcd9490f4d56664f169f3d6e60af9b59888dd23,rmclernono5@cyberchimps.com,Structural Analysis Engineer
gdecheletteo6,53a6b2a597ed6fa9db508a54352df4555fc3abdb,ctulletto6@google.com.au,Executive Secretary
shaugheyo7,fbeda955b2c8c59032c95d65f162b2adb6002606,anollio7@businesswire.com,Senior Sales Associate
aosto8,30beffef65cda5a505344d8288f39e2862057c86,rweatherburno8@soundcloud.com,Office Assistant III
sdeschelleo9,6d4b5bd84a62f376dbbbe2854c54d8181a94f146,gkerswillo9@jimdo.com,Office Assistant I
tbryersoa,768fb916ad3c4211298bd91cd3328ed682eda45c,mcashelloa@berkeley.edu,Occupational Therapist
nsextenob,810abecdef85d06c2d0a9fc085dedb6a39197611,kbarbierob@sciencedaily.com,Data Coordiator
gzannottioc,b6eece80de269e0ee587ca3b62958c0b03bd78d3,ebentsonoc@qq.com,Professor
bjeannetod,82cfb0b0eac3f36bef2acaec177d93597729dafd,zvonbrookod@sphinn.com,Nuclear Power Engineer
lkupecoe,61f60fce320ddfea9e37e869cd5ff07a8fa144f7,csyversenoe@washington.edu,Structural Analysis Engineer
eeveristof,2eeb898ab3a4fd71d57c898fad607a203a0e6fd7,isweenyof@apache.org,Staff Accountant IV
bdownsog,deceb67f076c14f9a4c7d772617be9867db0bea6,mlooselyog@bloomberg.com,Software Engineer II
tbortonoh,36e72a9430cd4c55f6607303704fc8d019930cc6,nmcruvieoh@aboutads.info,Pharmacist
bhabgoodoi,fc16b22e2451d6ebebdca9754244ce4abd71a506,lpurseyoi@cnbc.com,Marketing Assistant
jelvinsoj,366748208fabf0833e6d811be7017f766c09dddd,aupexoj@printfriendly.com,Assistant Media Planner
mandererok,38d78d01c329d1dd1d3cf505a728ea4efa666c5e,kgriptonok@eepurl.com,Office Assistant III
mshillamol,37d8d804ee0df2d05d788680dda958c4041e23a0,rbuddingol@mediafire.com,Accountant I
mbriteeom,3030138669329159beaad131d1e484f414eacac7,obuddleom@chron.com,Marketing Manager
rmaccorkellon,85d3318ef8cb308af7f5c6c7c35d652406dd4bbe,lweabenon@samsung.com,Analyst Programmer
imcguirkoo,b4f4bd49765cc69b23ba3c2141c37181a4148291,fgueinnoo@hhs.gov,Nurse
dandrusyakop,18d7839e5668f3f28b0c068a2862d076f6f3fb82,arunniclesop@wufoo.com,Sales Associate
osimisteroq,335b67364ac53b409e020c4ff2b0520d9837f93c,ekempsteroq@slashdot.org,Software Consultant
mtraytonor,a137e064e02b958f09367843b553be3ed7235a03,rfulcheror@artisteer.com,Electrical Engineer
cmaletrattos,4b71790e3f74e2590a86de4f673e641b0a687ad7,gfreanos@thetimes.co.uk,Sales Representative
llorraineot,840196d4d838671a3a4a3a0e080201f247a66495,gletchfordot@etsy.com,Physical Therapy Assistant
holczakou,04d7e5a02e313f0e557b0541a9a4dd8d3b565fed,mmicoou@amazon.co.uk,Senior Financial Analyst
lmosedaleov,d14e98a08f2ac032b23069bb4aa5df711b0c4c46,jczajkowskiov@nymag.com,Junior Executive
ebunclarkow,39a9c7b360620c5ab6d403d152898715d15a2b0d,jpretiousow@who.int,Office Assistant III
emacturloughox,e48f20ea2388d022c7fb0e67623df07de6c8cdf5,jfairhallox@t.co,Paralegal
mgawkesoy,9b63d6df94deb6505a3f849e783a56749754996a,bludovicooy@xrea.com,Research Nurse
stoeoz,ddf70f9ff92abe7e194c256af6e64e47208053d8,mturoneoz@china.com.cn,Structural Engineer
damossp0,245373e6cc9f53b5557166589fc04e4af9ecb88b,cbaileyp0@sphinn.com,Senior Financial Analyst
bhussellp1,4544cbdc49dd680278d2979b2afaaacd350f036e,apairpointp1@nbcnews.com,Help Desk Technician
wpaulazzip2,7f4a2c724647078b04cec62e21f2791e3d88041a,hkenwoodp2@sakura.ne.jp,Civil Engineer
spackhamp3,acc3f94b36714d50684e747919befe44f166c80f,cjirap3@shop-pro.jp,Director of Sales
trabbittp4,6af8c90c93da75c755920d1fb0f6d5b9b43a1fca,melcump4@dyndns.org,Clinical Specialist
dshortcliffep5,0d5c340a2a89fead09a2eebbfd0714be4952d165,smcdonoghp5@who.int,Systems Administrator III
dledamunp6,3eb175ed92b6e52306aef754fa670af817780bde,ovanderdaalp6@nytimes.com,Librarian
ewigleyp7,80e37a9523665605a3682b35ac34f12216af913a,ghalvorsenp7@addtoany.com,Research Assistant I
lkarpetsp8,e51086f3c4a59412ea1151687cd218a2fc00b6d4,cmahodyp8@typepad.com,Sales Associate
ptrevaskissp9,b028ec4b27c71a3dc8a758839466928628572681,cgoodounep9@amazonaws.com,Nuclear Power Engineer
zbrewispa,01e6667bc057b6b5457283b34fac06eff87cd544,amcduallpa@hugedomains.com,Tax Accountant
dpendridpb,6510196e336c12b041ec9c19739fbbe188bc221a,jbuschpb@ustream.tv,Assistant Professor
agallamorepc,1fffd4662738b7c25238186a223141d807cd428f,zdymidowiczpc@sphinn.com,Senior Quality Engineer
ksimoenspd,fcd3dff8bfb49bae41d2959a723adee4df099698,eblackhurstpd@weather.com,Accounting Assistant I
amumbeype,bcd9dd9feed48d4e3f65f1a0a9b883e8ecb1e5a7,mpaulazzipe@smugmug.com,Staff Accountant II
estuttardpf,6b14516583122864b097e41c9418cd7f10e1de55,greveypf@ow.ly,Desktop Support Technician
mfripg,a6b9d522844d0707bbbabad633af6614d934884a,bburreepg@umich.edu,Developer II
vgabalaph,5c8dee732740443209bdd7677f0534aae5bd795d,palyutinph@studiopress.com,Design Engineer
cmcilmoriepi,6cbdf4ba4f24b7c7add79ed84400283f438ccb9d,iproudlovepi@ovh.net,Staff Accountant III
bgarwoodpj,63e8e047b4babc5fea61b8909e7b6d9800b69d7d,eiiannonipj@bing.com,Business Systems Development Analyst
rthornallypk,59b265e864b31c43bde1064ff24b51ff186f2747,bwinstanleypk@posterous.com,Account Representative I
kedenpl,5581e9a7e45dbc03271f35530c791760391406f2,slangfatpl@scribd.com,Payment Adjustment Coordinator
lgosselinpm,d8850630e161bd6def6811af021c66a482cd02ed,nhakerpm@nifty.com,Automation Specialist III
bcurringtonpn,e8819f2d7c9290026f56e1b135da7720ef7e2be7,hcranmorpn@microsoft.com,VP Quality Control
csavellpo,403aece4d85b9425c18705ff696528ab8fd881b1,ptrunkfieldpo@merriam-webster.com,Legal Assistant
cdaveleypp,43af3e6aa0ce0d853710b3c1297c98e6bef4f72c,tgepppp@delicious.com,VP Quality Control
cmcfadzeanpq,52eaab57bd12c8b347a475da0394619e2bad16a0,ocolatonpq@indiatimes.com,Media Manager I
oquigleypr,39a75b7404088a324c0fe75aefa45ef09dae9c8b,sclanceypr@theguardian.com,Registered Nurse
mstickellsps,eb53f161d3203799ca8833c7b9ed64c4e0894715,wfilchaginps@indiegogo.com,Systems Administrator II
tbischofpt,5ed91bba9628a5bc925db34f5f7095b233a3acde,ipershousept@wired.com,VP Quality Control
leyrespu,7c02c4d2aaadfc99b1e5383848c071bc596566a3,fmillspu@umn.edu,Clinical Specialist
khalifaxpv,899c90c6fda0551c2449be4b0dbb513cd655fe8c,sdampneypv@jalbum.net,Developer I
cbomfieldpw,15dbe82f7a6474710fa385c491865abf4e1604ff,dbagworthpw@weibo.com,Account Executive
vreichertpx,5c782d2369af0a060dbb33db4b073670a2b79348,rlamarpx@1688.com,Senior Cost Accountant
pwhaleypy,0e5a6b7f479f57a121920a8d4cc46120b5e19e2f,wshoesmithpy@over-blog.com,Civil Engineer
odowsonpz,4f1f66c21d7e2918ce6294b60ea288917739d5d3,nclellandpz@cmu.edu,Internal Auditor
ktuffieldq0,e4cbf567988d505144f3acd2b6e31c1dd364c2ac,bmendesq0@zimbio.com,Product Engineer
bcolebeckq1,349ee6be501c4e473c17127a82ff61ecb1a85d28,jroggemanq1@github.com,Nuclear Power Engineer
ncarollq2,84cab2f336c576af54bdf759781ef27664f93f87,alivingsq2@netlog.com,Mechanical Systems Engineer
dclulowq3,018e25c252e6dea2570bfa0843d470ce0f21e1a0,rpeaseq3@dailymail.co.uk,Food Chemist
bgrabiecq4,3e0d1ec14d0f585afca54042d17b99c171c6ce50,fetienneq4@youtu.be,VP Product Management
cwaggeq5,cc85c40c2c7dbdcef0a88e359bbb6481416c47d0,cjindraq5@typepad.com,Senior Developer
bchallinq6,2b9b4117d67a5a07a0d599634b26ce96e69e6481,vmurrowq6@berkeley.edu,Office Assistant I
mboudq7,27eb1b66f97bd26d5ff6ead1db28f4a53d0e47b2,mdewenq7@va.gov,Project Manager
lkristofq8,ad6950d160c9ce5cf6f5725432e353736a7a967a,mbyresq8@symantec.com,Sales Representative
tglackinq9,b429fde2e1d8604c2cb33b55ac80e12b04cfcc51,bswafieldq9@icio.us,Programmer II
bgorchqa,8b1214033159f3f4269ab8413df11e05d8efe5b2,dhelgassqa@wp.com,Chemical Engineer
dworsfoldqb,5491daec0e98c734b232facaa9837e401896aa16,apashbaqb@booking.com,Registered Nurse
bgrishelyovqc,221c2ba1dd70bd6269e49bf7bcf3bb2110bd3d44,severleyqc@cafepress.com,Biostatistician IV
shaleyqd,503c8372ce9623b1993833c3a80a17460282ae95,gjamotqd@apache.org,Senior Developer
mbraddickqe,116589fe7c10ff6704afdf0993dd2f3d4031006f,sfindlayqe@amazon.com,Account Coordinator
eburdisqf,a4bd44efd3cb99293b1f5c47396bf774b9f3ccc1,etullyqf@intel.com,Mechanical Systems Engineer
aeasonqg,7f171d511dd97f5341b918084c2555e76dd75d8b,sheadlandqg@loc.gov,Recruiting Manager
cmatteoliqh,7919a5490ac952c8d8d37b616212b878460c326d,grockcliffeqh@moonfruit.com,Quality Engineer
cmealandqi,658a4cf07975cd269a18248e8e022a9d95557fd5,ngregorattiqi@xinhuanet.com,Desktop Support Technician
mmerrgenqj,02582e2fc65e457e15ffbc030c0c2cf8d1d7cb0f,bposthillqj@msu.edu,Research Associate
clapidesqk,4d24d66e06f724ddfe179d0eb94231bfb8f2bb19,wgassqk@google.co.jp,Associate Professor
svancasselql,730a63b9c79061ba10857822b37f7abe991e813b,jwasylkiewiczql@tinyurl.com,Pharmacist
nkiosselqm,80321ddf5c9e6994ed13b384436342f70aca36f0,anervalqm@dmoz.org,Structural Engineer
scussinsqn,c84e4ef080e4dd0c949a979fc0bc518538d4318a,gwithnallqn@reuters.com,Staff Scientist
rthalmannqo,8c4376985382e7e6c2bd89afea28a6769b8afd8d,jpiellqo@msn.com,Financial Analyst
ahillanqp,c51500692a06c64c50007678e2445a6b93c14b06,sabbisqp@seesaa.net,Chief Design Engineer
rflauneqq,9ff64b2db650d7112a8be1eb644395f6887ff5a9,rheffyqq@phoca.cz,Community Outreach Specialist
bleedalqr,52c905bdfbdc7f1e9741f094652cbfbfd7abbd56,rlesslieqr@wiley.com,Quality Control Specialist
ttapnerqs,0b31fba4e7206f29f4cca888664c6346e085c323,efiggsqs@army.mil,Marketing Manager
zstarkieqt,4f056063a3d6ed1958ecba31ea4b3ccbdd1ee09d,tleningqt@apple.com,Marketing Manager
gdezamoraqu,ff89a7609675dc8da493dc5e90e2551c2c98c176,mgreenrodqu@squarespace.com,Pharmacist
zbuckhamqv,1826c8c743266cd662def77461b482854a4dff6f,gwoolstonqv@google.com,Quality Engineer
chelliarqw,2c4cd55b65a85ce2cdf42267d388668afaf1235f,iyesichevqw@nih.gov,Compensation Analyst
anockellsqx,fc7c7fe810d200c04e973775c651d307f3427164,sburdisqx@amazonaws.com,Nurse Practicioner
ctredwellqy,e9c266f5827f05533f3e9acbdf05a87a23260529,feustaceqy@dot.gov,Professor
jkarolewskiqz,bf12efb3ebcf9915e0432709f71191a75f11fbe9,lpoleyqz@salon.com,Civil Engineer
bbushelr0,eb6a2a6d801e52b336461826f513763a7e5dd639,byanceyr0@examiner.com,Senior Quality Engineer
cwrenr1,f3f2ba28bfb0acae999993c0b24cb76948b7fac6,rollerheadr1@flickr.com,Actuary
ablanchardr2,db75306de2daa6113a2e8e46893203bfebd94130,wwiler2@wufoo.com,Chemical Engineer
efawdreyr3,71a7db794c1cde4e99330c3df376c0bf8a2e765c,esprowlesr3@independent.co.uk,Speech Pathologist
rtabbr4,fce461d1a73a0f87835b7cc313d35bab9947e8b9,ymccumskayr4@odnoklassniki.ru,Clinical Specialist
pradbornr5,93ac81bfa1a6bc248bb7cc5dc177d8b2de9daded,wmanghamr5@bluehost.com,Staff Scientist
fderoosr6,c0bc88cf66e2b29f2fc2ff874906308467b8c407,etodr6@pcworld.com,Business Systems Development Analyst
mfillonr7,4c49db87c3f273f5ed60b2e3eec0df3a46effd64,ywoolamr7@blogs.com,Editor
ndroverr8,98fd179d772a4daadb9d124f9e3e9d4586599905,gdilker8@imgur.com,Product Engineer
bmatejr9,53466c29c22078d41b1f85107eff7a7c36dc9f0e,sjenkr9@elegantthemes.com,Actuary
sguiderara,491c08e125b9de9d982f2b6296e72295eaf1230b,wtesoera@simplemachines.org,Budget/Accounting Analyst I
gsineathrb,f261cffd1b9d671dc317c85d4a80316508a7ab08,rmaffyrb@bing.com,Human Resources Assistant II
amansfordrc,a786a79bcca9da4dc8d594a57f55c2f9cca8e06c,kpammenterrc@weibo.com,Media Manager I
mroyanrd,294f0d0a536a1da9b09fcf7a20c64a0ad4aef190,ntandyrd@sitemeter.com,Physical Therapy Assistant
tyorstonre,1c9b2bdc8595408256eecebe2f31e3b2c3cbf4d0,eyoungmanre@sciencedirect.com,Media Manager II
chanshawerf,06c93c373ff0d916149d73e93ae10f4deb2e2853,eharrillrf@amazonaws.com,Junior Executive
sdranfieldrg,dea17715d5513e46fd3cee1224a8a234b6328bb4,kpetticrewrg@furl.net,Payment Adjustment Coordinator
amaddysonrh,8ae6fbed512ec6d47a009bd1370e25223a3cf92f,shaddletonrh@rambler.ru,Marketing Assistant
ssyerri,69550c397e4cdfec0f809c4c437ee99cd0a29cd6,theatherri@dailymail.co.uk,Graphic Designer
kcatleyrj,90b22b9f16003c666ddf59a48d2a159a1ac3b059,dsouthcottrj@archive.org,Marketing Manager
vlundbergrk,16fdf9d1a0e938523d48715af429246f2d9580cc,kparadisrk@posterous.com,Structural Engineer
cstirleyrl,5280bdb27bccd4575fe54a746df4f3b589042611,pwauchoperl@bandcamp.com,Teacher
mmurrierm,101696094a314a73e7127f1e131c44f3a420b46a,llangthornrm@plala.or.jp,Assistant Media Planner
raymerrn,5420bb1ed45e15cf2e727a334fa1d97724f088ed,aserrellrn@statcounter.com,Graphic Designer
bdalgetyro,e9a92077a4439ecf271e87f537594ac980b1ec04,tberrisfordro@dropbox.com,Librarian
pbaakerp,a207e15272e8fcc5443bb6b32967024757a75ef4,blampreyrp@si.edu,VP Sales
kaddessrq,de4d66363435e524587d5e56bef61d556b31f6e2,ocahalanrq@printfriendly.com,Budget/Accounting Analyst I
drassmannrr,36856f11b017198c36ba1d28248bace718f23f5a,ptubbsrr@census.gov,Internal Auditor
